<?xml version="1.0" encoding="utf-8" standalone="yes"?>
<window id="5600">
	<defaultcontrol>5201</defaultcontrol>
	<include>dialogeffect</include>
	<coordinates>
		<system>1</system>
		<posx>60</posx>
		<posy>20</posy>
	</coordinates>
	
	<controls>
		<control type="image">
			<description>Background Fade</description>
			<posx>-60</posx>
			<posy>-20</posy>
			<width>1280</width>
			<height>720</height>
			<texture colordiffuse="$INFO[Skin.String(rcb_background_diffuse_dialog_open)]">rcb-white.png</texture>
		</control>
		
		<!-- Window -->
		<control type="image">
			<description>background image</description>
			<posx>0</posx>
			<posy>0</posy>
			<width>1160</width>
			<height>660</height>
			<texture border="40" colordiffuse="$INFO[Skin.String(rcb_panel_dialog)]">rcb-dialog-background.png</texture>
		</control>
		<control type="image">
			<description>header image</description>
			<posx>0</posx>
			<posy>20</posy><!--dialog_header_image_posy-->
			<width>1160</width>
			<height>40</height>
			<texture colordiffuse="$INFO[Skin.String(rcb_panel_dialog_header)]">rcb-dialog-header.png</texture>
		</control>
		<control type="image">
			<description>kodi logo</description>
			<posx>1125</posx>
			<posy>5</posy>
			<width>30</width>
			<height>30</height>
			<texture>rcb-kodilogo.png</texture>
		</control>
		<control type="label">
			<posx>20</posx>
			<posy>25</posy><!--dialog_header_label_posy-->
			<width>1160</width>
			<height>30</height>
			<font>font13_title</font>
			<textcolor>$INFO[Skin.String(rcb_text_dialog_header)]</textcolor>
			<shadowcolor>$INFO[Skin.String(rcb_text_shadow)]</shadowcolor>
			<align>center</align><!--dialog_header_label_alignment-->
			<aligny>center</aligny>
			<label>$ADDON[script.games.rom.collection.browser 32999] - $ADDON[script.games.rom.collection.browser 32850]</label>
		</control>
		<control type="image">
			<description>background image edit pane</description>
			<posx>240</posx>
			<posy>60</posy>
			<width>680</width>
			<height>580</height>
			<texture colordiffuse="$INFO[Skin.String(rcb_panel_dialog_text)]">rcb-dialog-text-background.png</texture>
		</control>
		
		<!-- Category buttons -->
		<control type="list" id="7000">
			<posx>15</posx>
			<posy>60</posy>
			<width>220</width>
			<height>400</height>
			<onleft>7010</onleft>
			<onright>7010</onright>
			<onup>7000</onup>
			<ondown>7000</ondown>
			<pagecontrol>-</pagecontrol>
			<scrolltime>300</scrolltime>
			<itemlayout height="70" width="150">
				<control type="image">
					<posx>0</posx>
					<posy>0</posy>
					<width>210</width>
					<height>50</height>
					<texture colordiffuse="$INFO[Skin.String(rcb_button_category_nofocus)]">rcb-button-nofocus.png</texture>
				</control>
				<control type="label">
					<posx>0</posx>
					<posy>10</posy>
					<width>200</width>
					<height>30</height>
					<font>font13_title</font>
					<textcolor>$INFO[Skin.String(rcb_text_menuitem_nofocus_dialog)]</textcolor>
					<align>center</align>
					<aligny>center</aligny>
					<label>$INFO[ListItem.Label]</label>					
				</control>
			</itemlayout>
			<focusedlayout height="70" width="150">
				<control type="image">
					<posx>0</posx>
					<posy>0</posy>
					<width>210</width>
					<height>50</height>
					<texture colordiffuse="$INFO[Skin.String(rcb_button_category_focus)]">rcb-button-focus.png</texture>
					<animation effect="fade" start="100" end="30" time="100" condition="!Control.HasFocus(7000)">Conditional</animation>
				</control>
				<control type="label">
					<posx>0</posx>
					<posy>10</posy>
					<width>200</width>
					<height>30</height>
					<font>font13_title</font>
					<textcolor>$INFO[Skin.String(rcb_text_menuitem_focus_dialog)]</textcolor>
					<align>center</align>
					<aligny>center</aligny>
					<label>$INFO[ListItem.Label]</label>					
				</control>
			</focusedlayout>
			<content>
				<item id="1">
					<label>$ADDON[script.games.rom.collection.browser 32409]</label>
					<onclick>-</onclick>
				</item>
			</content>
		</control>
		
		<control type="group">
			<posx>0</posx>
			<posy>40</posy>
			<!-- Show/Hide missing info list -->
			<control type="list" id="5200">
				<hitrect x="0" y="0" w="0" h="0" />
				<posx>240</posx>
				<posy>20</posy>
				<width>680</width>
				<height>50</height>
				<onleft>5200</onleft>
				<onright>5200</onright>
				<onup>5200</onup>
				<ondown>5200</ondown>
				<pagecontrol>-</pagecontrol>
				<scrolltime>0</scrolltime>
				<itemlayout height="40" width="680">
					<control type="image">
						<posx>0</posx>
						<posy>0</posy>
						<width>680</width>
						<height>38</height><!--dialog_menuitem_height-->
						<texture colordiffuse="$INFO[Skin.String(rcb_button_nofocus_dialog)]">rcb-menuitem-nofocus-dialog.png</texture>
					</control>
				</itemlayout>
				<focusedlayout height="40" width="680">
					<control type="image">
						<posx>0</posx>
						<posy>0</posy>
						<width>680</width>
						<height>38</height><!--dialog_menuitem_height-->
						<texture colordiffuse="$INFO[Skin.String(rcb_menuitem_focus_dialog)]">rcb-menuitem-focus-dialog.png</texture>
						<visible>[Control.HasFocus(5201) | Control.HasFocus(5202)]</visible>
					</control>
					<control type="label">
						<posx>7</posx>
						<posy>10</posy>
						<width>300</width>
						<height>20</height>
						<font>font13</font>
						<textcolor>$INFO[Skin.String(rcb_text_menuitem_focus_dialog)]</textcolor>
						<align>left</align>
						<aligny>center</aligny>
						<label>$ADDON[script.games.rom.collection.browser 32851]</label>
						<visible>[Control.HasFocus(5201) | Control.HasFocus(5202)]</visible>
					</control>
					<control type="label">
						<posx>7</posx>
						<posy>10</posy>
						<width>300</width>
						<height>20</height>
						<font>font13</font>
						<textcolor>$INFO[Skin.String(rcb_text_menuitem_nofocus_dialog)]</textcolor>
						<align>left</align>
						<aligny>center</aligny>
						<label>$ADDON[script.games.rom.collection.browser 32851]</label>
						<visible>![Control.HasFocus(5201) | Control.HasFocus(5202)]</visible>
					</control>
					<control type="label">
						<posx>240</posx>
						<posy>10</posy>
						<width>370</width>
						<height>20</height>
						<font>font13</font>
						<textcolor>$INFO[Skin.String(rcb_text_menuitem_focus_dialog)]</textcolor>
						<align>right</align>
						<aligny>center</aligny>
						<label>$INFO[ListItem.Label]</label>
						<visible>[Control.HasFocus(5201) | Control.HasFocus(5202)]</visible>
					</control>
					<control type="label">
						<posx>240</posx>
						<posy>10</posy>
						<width>370</width>
						<height>20</height>
						<font>font13</font>
						<textcolor>$INFO[Skin.String(rcb_text_menuitem_nofocus_dialog)]</textcolor>
						<align>right</align>
						<aligny>center</aligny>
						<label>$INFO[ListItem.Label]</label>
						<visible>![Control.HasFocus(5201) | Control.HasFocus(5202)]</visible>
					</control>
				</focusedlayout>
			</control>
			<control type="button" id="5201">
				<description>Menu Item Next Button</description>
				<posx>858</posx><!--scroll_updown_posx_left-->
				<posy>30</posy><!--scroll_updown_posy-->
				<width>30</width><!--scroll_updown_width-->
				<height>20</height><!--scroll_updown_height-->
				<texturenofocus colordiffuse="$INFO[Skin.String(rcb_scroll_up_nofocus)]">rcb-scroll-down.png</texturenofocus>
				<texturefocus colordiffuse="$INFO[Skin.String(rcb_scroll_up_focus)]">rcb-scroll-down.png</texturefocus>
				<onclick>Control.Move(5200,-1)</onclick>
				<onleft>6000</onleft>
				<onright>5202</onright>
				<onup>5101</onup>
				<ondown>5230</ondown>
			</control>
			<control type="button" id="5202">
				<description>Menu Item Prev Button</description>
				<posx>888</posx><!--scroll_updown_posx_right-->
				<posy>30</posy><!--scroll_updown_posy-->
				<width>30</width><!--scroll_updown_width-->
				<height>20</height><!--scroll_updown_height-->
				<texturenofocus colordiffuse="$INFO[Skin.String(rcb_scroll_up_nofocus)]">rcb-scroll-up.png</texturenofocus>
				<texturefocus colordiffuse="$INFO[Skin.String(rcb_scroll_up_focus)]">rcb-scroll-up.png</texturefocus>
				<onclick>Control.Move(5200,1)</onclick>
				<onleft>5201</onleft>
				<onright>6000</onright>
				<onup>5101</onup>
				<ondown>5230</ondown>
			</control>
				
			<!-- Artwork -->
			<control type="group" id="7010">
				<posx>240</posx>
				<posy>80</posy>
				<control type="label">
					<posx>7</posx>
					<posy>0</posy>
					<width>370</width>
					<height>20</height>
					<font>font13</font>
					<textcolor>$INFO[Skin.String(rcb_text_menuitem_nofocus_dialog)]</textcolor>
					<align>left</align>
					<aligny>center</aligny>
					<label>$ADDON[script.games.rom.collection.browser 32852]</label>
				</control>
				<control type="group">
					<posx>0</posx>
					<posy>30</posy>
					<control type="label">
						<posx>20</posx>
						<posy>0</posy>
						<width>370</width>
						<height>20</height>
						<font>font13</font>
						<textcolor>$INFO[Skin.String(rcb_text_menuitem_nofocus_dialog)]</textcolor>
						<align>left</align>
						<aligny>center</aligny>
						<label>$ADDON[script.games.rom.collection.browser 32853]:</label>
					</control>
					<control type="label" id="5220">
						<posx>605</posx>
						<posy>0</posy>
						<width>300</width>
						<height>20</height>
						<font>font13</font>
						<textcolor>$INFO[Skin.String(rcb_text_menuitem_nofocus_dialog)]</textcolor>
						<align>right</align>
						<aligny>center</aligny>
						<label>$ADDON[script.games.rom.collection.browser 32854]</label>
					</control>
					<control type="button" id="5230"> 
						<description>Add item</description>
						<posx>0</posx>
						<posy>25</posy>
						<width>680</width>
						<height>28</height><!--dialog_menuitem_height-->
						<font>font13</font>
						<texturefocus colordiffuse="$INFO[Skin.String(rcb_menuitem_focus_dialog)]">rcb-menuitem-focus-dialog.png</texturefocus>
						<texturenofocus border="5" colordiffuse="$INFO[Skin.String(rcb_menuitem_nofocus_dialog)]">rcb-menuitem-nofocus-dialog.png</texturenofocus>
						<label>- $ADDON[script.games.rom.collection.browser 32855]</label>
						<textcolor>$INFO[Skin.String(rcb_text_menuitem_nofocus_dialog)]</textcolor>
						<textoffsetx>30</textoffsetx>
						<focusedcolor>$INFO[Skin.String(rcb_text_menuitem_focus_dialog)]</focusedcolor>
						<disabledcolor>$INFO[Skin.String(rcb_text_button_disabled)]</disabledcolor>
						<align>left</align>
						<aligny>center</aligny>
						<onup>5201</onup>
						<ondown>5240</ondown>
						<onleft>6000</onleft>
						<onright>6000</onright>
					</control>
					<control type="button" id="5240"> 
						<description>Remove item</description>
						<posx>0</posx>
						<posy>55</posy>
						<width>680</width>
						<height>28</height><!--dialog_menuitem_height-->
						<font>font13</font>
						<texturefocus colordiffuse="$INFO[Skin.String(rcb_menuitem_focus_dialog)]">rcb-menuitem-focus-dialog.png</texturefocus>
						<texturenofocus border="5" colordiffuse="$INFO[Skin.String(rcb_menuitem_nofocus_dialog)]">rcb-menuitem-nofocus-dialog.png</texturenofocus>
						<label>- $ADDON[script.games.rom.collection.browser 32856]</label>
						<textcolor>$INFO[Skin.String(rcb_text_menuitem_nofocus_dialog)]</textcolor>
						<textoffsetx>30</textoffsetx>
						<focusedcolor>$INFO[Skin.String(rcb_text_menuitem_focus_dialog)]</focusedcolor>
						<disabledcolor>$INFO[Skin.String(rcb_text_button_disabled)]</disabledcolor>
						<align>left</align>
						<aligny>center</aligny>
						<onup>5230</onup>
						<ondown>5260</ondown>
						<onleft>6000</onleft>
						<onright>6000</onright>
					</control>
				</control>
				<control type="group">
					<posx>0</posx>
					<posy>120</posy>
					<control type="label">
						<posx>20</posx>
						<posy>0</posy>
						<width>370</width>
						<height>20</height>
						<font>font13</font>
						<textcolor>$INFO[Skin.String(rcb_text_menuitem_nofocus_dialog)]</textcolor>
						<align>left</align>
						<aligny>center</aligny>
						<label>$ADDON[script.games.rom.collection.browser 32857]:</label>
					</control>
					<control type="label" id="5250">
						<posx>605</posx>
						<posy>0</posy>
						<width>300</width>
						<height>20</height>
						<font>font13</font>
						<textcolor>$INFO[Skin.String(rcb_text_menuitem_nofocus_dialog)]</textcolor>
						<align>right</align>
						<aligny>center</aligny>
						<label>$ADDON[script.games.rom.collection.browser 32854]</label>
					</control>
					<control type="button" id="5260"> 
						<description>Add item</description>
						<posx>0</posx>
						<posy>25</posy>
						<width>680</width>
						<height>28</height><!--dialog_menuitem_height-->
						<font>font13</font>
						<texturefocus colordiffuse="$INFO[Skin.String(rcb_menuitem_focus_dialog)]">rcb-menuitem-focus-dialog.png</texturefocus>
						<texturenofocus border="5" colordiffuse="$INFO[Skin.String(rcb_menuitem_nofocus_dialog)]">rcb-menuitem-nofocus-dialog.png</texturenofocus>
						<label>- $ADDON[script.games.rom.collection.browser 32855]</label>
						<textcolor>$INFO[Skin.String(rcb_text_menuitem_nofocus_dialog)]</textcolor>
						<textoffsetx>30</textoffsetx>
						<focusedcolor>$INFO[Skin.String(rcb_text_menuitem_focus_dialog)]</focusedcolor>
						<disabledcolor>$INFO[Skin.String(rcb_text_button_disabled)]</disabledcolor>
						<align>left</align>
						<aligny>center</aligny>
						<onup>5240</onup>
						<ondown>5270</ondown>
						<onleft>6000</onleft>
						<onright>6000</onright>
					</control>
					<control type="button" id="5270"> 
						<description>Remove item</description>
						<posx>0</posx>
						<posy>55</posy>
						<width>680</width>
						<height>28</height><!--dialog_menuitem_height-->
						<font>font13</font>
						<texturefocus colordiffuse="$INFO[Skin.String(rcb_menuitem_focus_dialog)]">rcb-menuitem-focus-dialog.png</texturefocus>
						<texturenofocus border="5" colordiffuse="$INFO[Skin.String(rcb_menuitem_nofocus_dialog)]">rcb-menuitem-nofocus-dialog.png</texturenofocus>
						<label>- $ADDON[script.games.rom.collection.browser 32856]</label>
						<textcolor>$INFO[Skin.String(rcb_text_menuitem_nofocus_dialog)]</textcolor>
						<textoffsetx>30</textoffsetx>
						<focusedcolor>$INFO[Skin.String(rcb_text_menuitem_focus_dialog)]</focusedcolor>
						<disabledcolor>$INFO[Skin.String(rcb_text_button_disabled)]</disabledcolor>
						<align>left</align>
						<aligny>center</aligny>
						<onup>5260</onup>
						<ondown>5290</ondown>
						<onleft>6000</onleft>
						<onright>6000</onright>
					</control>
				</control>
			</control>
			
			<!-- Info -->
			<control type="group">
				<posx>240</posx>
				<posy>320</posy>
				<control type="label">
					<posx>7</posx>
					<posy>0</posy>
					<width>370</width>
					<height>20</height>
					<font>font13</font>
					<textcolor>$INFO[Skin.String(rcb_text_menuitem_nofocus_dialog)]</textcolor>
					<align>left</align>
					<aligny>center</aligny>
					<label>$ADDON[script.games.rom.collection.browser 32858]</label>
				</control>
				<control type="group">
					<posx>0</posx>
					<posy>30</posy>
					<control type="label">
						<posx>20</posx>
						<posy>0</posy>
						<width>370</width>
						<height>20</height>
						<font>font13</font>
						<textcolor>$INFO[Skin.String(rcb_text_menuitem_nofocus_dialog)]</textcolor>
						<align>left</align>
						<aligny>center</aligny>
						<label>$ADDON[script.games.rom.collection.browser 32853]:</label>
					</control>
					<control type="label" id="5280">
						<posx>605</posx>
						<posy>0</posy>
						<width>300</width>
						<height>20</height>
						<font>font13</font>
						<textcolor>$INFO[Skin.String(rcb_text_menuitem_nofocus_dialog)]</textcolor>
						<align>right</align>
						<aligny>center</aligny>
						<label>$ADDON[script.games.rom.collection.browser 32854]</label>
					</control>
					<control type="button" id="5290"> 
						<description>Add item</description>
						<posx>0</posx>
						<posy>25</posy>
						<width>680</width>
						<height>28</height><!--dialog_menuitem_height-->
						<font>font13</font>
						<texturefocus colordiffuse="$INFO[Skin.String(rcb_menuitem_focus_dialog)]">rcb-menuitem-focus-dialog.png</texturefocus>
						<texturenofocus border="5" colordiffuse="$INFO[Skin.String(rcb_menuitem_nofocus_dialog)]">rcb-menuitem-nofocus-dialog.png</texturenofocus>
						<label>- $ADDON[script.games.rom.collection.browser 32855]</label>
						<textcolor>$INFO[Skin.String(rcb_text_menuitem_nofocus_dialog)]</textcolor>
						<textoffsetx>30</textoffsetx>
						<focusedcolor>$INFO[Skin.String(rcb_text_menuitem_focus_dialog)]</focusedcolor>
						<disabledcolor>$INFO[Skin.String(rcb_text_button_disabled)]</disabledcolor>
						<align>left</align>
						<aligny>center</aligny>
						<onup>5270</onup>
						<ondown>5300</ondown>
						<onleft>6000</onleft>
						<onright>6000</onright>
					</control>
					<control type="button" id="5300"> 
						<description>Remove item</description>
						<posx>0</posx>
						<posy>55</posy>
						<width>680</width>
						<height>28</height><!--dialog_menuitem_height-->
						<font>font13</font>
						<texturefocus colordiffuse="$INFO[Skin.String(rcb_menuitem_focus_dialog)]">rcb-menuitem-focus-dialog.png</texturefocus>
						<texturenofocus border="5" colordiffuse="$INFO[Skin.String(rcb_menuitem_nofocus_dialog)]">rcb-menuitem-nofocus-dialog.png</texturenofocus>
						<label>- $ADDON[script.games.rom.collection.browser 32856]</label>
						<textcolor>$INFO[Skin.String(rcb_text_menuitem_nofocus_dialog)]</textcolor>
						<textoffsetx>30</textoffsetx>
						<focusedcolor>$INFO[Skin.String(rcb_text_menuitem_focus_dialog)]</focusedcolor>
						<disabledcolor>$INFO[Skin.String(rcb_text_button_disabled)]</disabledcolor>
						<align>left</align>
						<aligny>center</aligny>
						<onup>5290</onup>
						<ondown>5320</ondown>
						<onleft>6000</onleft>
						<onright>6000</onright>
					</control>
				</control>
				<control type="group">
					<posx>0</posx>
					<posy>120</posy>
					<control type="label">
						<posx>20</posx>
						<posy>0</posy>
						<width>370</width>
						<height>20</height>
						<font>font13</font>
						<textcolor>$INFO[Skin.String(rcb_text_menuitem_nofocus_dialog)]</textcolor>
						<align>left</align>
						<aligny>center</aligny>
						<label>$ADDON[script.games.rom.collection.browser 32857]:</label>
					</control>
					<control type="label" id="5310">
						<posx>605</posx>
						<posy>0</posy>
						<width>300</width>
						<height>20</height>
						<font>font13</font>
						<textcolor>$INFO[Skin.String(rcb_text_menuitem_nofocus_dialog)]</textcolor>
						<align>right</align>
						<aligny>center</aligny>
						<label>$ADDON[script.games.rom.collection.browser 32854]</label>
					</control>
					<control type="button" id="5320"> 
						<description>Add item</description>
						<posx>0</posx>
						<posy>25</posy>
						<width>680</width>
						<height>28</height><!--dialog_menuitem_height-->
						<font>font13</font>
						<texturefocus colordiffuse="$INFO[Skin.String(rcb_menuitem_focus_dialog)]">rcb-menuitem-focus-dialog.png</texturefocus>
						<texturenofocus border="5" colordiffuse="$INFO[Skin.String(rcb_menuitem_nofocus_dialog)]">rcb-menuitem-nofocus-dialog.png</texturenofocus>
						<label>- $ADDON[script.games.rom.collection.browser 32855]</label>
						<textcolor>$INFO[Skin.String(rcb_text_menuitem_nofocus_dialog)]</textcolor>
						<textoffsetx>30</textoffsetx>
						<focusedcolor>$INFO[Skin.String(rcb_text_menuitem_focus_dialog)]</focusedcolor>
						<disabledcolor>$INFO[Skin.String(rcb_text_button_disabled)]</disabledcolor>
						<align>left</align>
						<aligny>center</aligny>
						<onup>5300</onup>
						<ondown>5330</ondown>
						<onleft>6000</onleft>
						<onright>6000</onright>
					</control>
					<control type="button" id="5330"> 
						<description>Remove item</description>
						<posx>0</posx>
						<posy>55</posy>
						<width>680</width>
						<height>28</height><!--dialog_menuitem_height-->
						<font>font13</font>
						<texturefocus colordiffuse="$INFO[Skin.String(rcb_menuitem_focus_dialog)]">rcb-menuitem-focus-dialog.png</texturefocus>
						<texturenofocus border="5" colordiffuse="$INFO[Skin.String(rcb_menuitem_nofocus_dialog)]">rcb-menuitem-nofocus-dialog.png</texturenofocus>
						<label>- $ADDON[script.games.rom.collection.browser 32856]</label>
						<textcolor>$INFO[Skin.String(rcb_text_menuitem_nofocus_dialog)]</textcolor>
						<textoffsetx>30</textoffsetx>
						<focusedcolor>$INFO[Skin.String(rcb_text_menuitem_focus_dialog)]</focusedcolor>
						<disabledcolor>$INFO[Skin.String(rcb_text_button_disabled)]</disabledcolor>
						<align>left</align>
						<aligny>center</aligny>
						<onup>5320</onup>
						<ondown>6000</ondown>
						<onleft>6000</onleft>
						<onright>6000</onright>
					</control>
				</control>
			</control>
		</control>
			
		<!-- Buttons -->
		<control type="button" id="6000"> 
			<description>Save</description>
			<posx>940</posx>
			<posy>60</posy>
			<width>200</width>
			<height>50</height>
			<visible>true</visible>
			<font>font13_title</font>
			<texturefocus colordiffuse="$INFO[Skin.String(rcb_button_focus_dialog)]">rcb-button-focus.png</texturefocus>
			<texturenofocus colordiffuse="$INFO[Skin.String(rcb_button_nofocus_dialog)]">rcb-button-nofocus.png</texturenofocus>
			<label>$ADDON[script.games.rom.collection.browser 32634]</label>
			<textcolor>$INFO[Skin.String(rcb_text_button_nofocus_dialog)]</textcolor>
			<focusedcolor>$INFO[Skin.String(rcb_text_button_focus_dialog)]</focusedcolor>
			<disabledcolor>$INFO[Skin.String(rcb_text_button_disabled)]</disabledcolor>
			<align>center</align>
			<aligny>center</aligny>
			<textoffsetx></textoffsetx>
			<textoffsety></textoffsety>
			<pulseonselect></pulseonselect>
			<onup>6010</onup>
			<ondown>6010</ondown>
			<onleft>7010</onleft>
			<onright>7000</onright>
		</control>
		<control type="button" id="6010"> 
			<description>Cancel</description>
			<posx>940</posx>
			<posy>130</posy>
			<width>200</width>
			<height>50</height>
			<visible>true</visible>
			<font>font13_title</font>
			<texturefocus colordiffuse="$INFO[Skin.String(rcb_button_focus_dialog)]">rcb-button-focus.png</texturefocus>
			<texturenofocus colordiffuse="$INFO[Skin.String(rcb_button_nofocus_dialog)]">rcb-button-nofocus.png</texturenofocus>
			<label>$ADDON[script.games.rom.collection.browser 32635]</label>
			<textcolor>$INFO[Skin.String(rcb_text_button_nofocus_dialog)]</textcolor>
			<focusedcolor>$INFO[Skin.String(rcb_text_button_focus_dialog)]</focusedcolor>
			<disabledcolor>$INFO[Skin.String(rcb_text_button_disabled)]</disabledcolor>
			<align>center</align>
			<aligny>center</aligny>
			<textoffsetx></textoffsetx>
			<textoffsety></textoffsety>
			<pulseonselect></pulseonselect>
			<onup>6000</onup>
			<ondown>6000</ondown>
			<onleft>7010</onleft>
			<onright>7000</onright>
		</control>
		
	</controls>
</window>