<?xml version="1.0" encoding="utf-8" standalone="yes"?>
<window id="5200">
	<defaultcontrol>7000</defaultcontrol>
	<include>dialogeffect</include>
	<coordinates>
		<system>1</system>
		<posx>60</posx>
		<posy>20</posy>
	</coordinates>
	
	<controls>
		<control type="image">
			<description>Background Fade</description>
			<posx>-60</posx>
			<posy>-20</posy>
			<width>1280</width>
			<height>720</height>
			<texture colordiffuse="$INFO[Skin.String(rcb_background_diffuse_dialog_open)]">rcb-white.png</texture>
		</control>
		
		<!-- Window -->
		<control type="image">
			<description>background image</description>
			<posx>0</posx>
			<posy>0</posy>
			<width>1160</width>
			<height>660</height>
			<texture border="40" colordiffuse="$INFO[Skin.String(rcb_panel_dialog)]">rcb-dialog-background.png</texture>
		</control>
		<control type="image">
			<description>header image</description>
			<posx>0</posx>
			<posy>0</posy><!--dialog_header_image_posy-->
			<width>1160</width>
			<height>40</height>
			<texture colordiffuse="$INFO[Skin.String(rcb_panel_dialog_header)]">rcb-dialog-header.png</texture>
		</control>
		<control type="label">			
			<posx>20</posx>
			<posy>5</posy><!--dialog_header_label_posy-->
			<width>1160</width>
			<height>30</height>
			<font>MediumBold</font>
			<textcolor>$INFO[Skin.String(rcb_text_dialog_header)]</textcolor>
			<shadowcolor>$INFO[Skin.String(rcb_text_shadow)]</shadowcolor>
			<align>center</align><!--dialog_header_label_alignment-->
			<aligny>center</aligny>
			<label>$ADDON[script.games.rom.collection.browser 32999] - $ADDON[script.games.rom.collection.browser 32600]</label>
		</control>
		<control type="image">
			<description>kodi logo</description>
			<posx>1125</posx>
			<posy>5</posy>
			<width>30</width>
			<height>30</height>
			<texture>rcb-kodilogo.png</texture>
		</control>
		<control type="image">
			<description>background image edit pane</description>
			<posx>240</posx>
			<posy>60</posy>
			<width>680</width>
			<height>580</height>
			<texture colordiffuse="$INFO[Skin.String(rcb_panel_dialog_text)]">rcb-dialog-text-background.png</texture>
		</control>
		
		<!-- Rom Collection List -->
		<control type="list" id="5210">
			<hitrect x="0" y="0" w="0" h="0" />
			<posx>240</posx>
			<posy>60</posy>
			<width>680</width>
			<height>50</height>
			<onleft>5210</onleft>
			<onright>5210</onright>
			<onup>5210</onup>
			<ondown>5210</ondown>
			<pagecontrol>-</pagecontrol>
			<scrolltime>0</scrolltime>
			<itemlayout height="1" width="680">
			</itemlayout>
			<focusedlayout height="50" width="680">
				<control type="image">
					<posx>0</posx>
					<posy>0</posy>
					<width>680</width>
					<height>50</height>
					<texture colordiffuse="$INFO[Skin.String(rcb_menuitem_focus_dialog)]">rcb-menuitem-focus-dialog.png</texture>
					<visible>[Control.HasFocus(5211) | Control.HasFocus(5212)]</visible>
				</control>
				<control type="label">
					<posx>7</posx>
					<posy>15</posy>
					<width>200</width>
					<height>20</height>
					<font>Small</font>
					<textcolor>$INFO[Skin.String(rcb_text_menuitem_focus_dialog)]</textcolor>
					<align>left</align>
					<aligny>center</aligny>
					<label>$ADDON[script.games.rom.collection.browser 32601]</label>
					<visible>[Control.HasFocus(5211) | Control.HasFocus(5212)]</visible>
				</control>				
				<control type="label">
					<posx>7</posx>
					<posy>15</posy>
					<width>200</width>
					<height>20</height>
					<font>Small</font>
					<textcolor>$INFO[Skin.String(rcb_text_menuitem_nofocus_dialog)]</textcolor>
					<align>left</align>
					<aligny>center</aligny>
					<label>$ADDON[script.games.rom.collection.browser 32601]</label>
					<visible>![Control.HasFocus(5211) | Control.HasFocus(5212)]</visible>
				</control>
				<control type="label">
					<posx>240</posx>
					<posy>15</posy>
					<width>370</width>
					<height>20</height>
					<font>Small</font>
					<textcolor>$INFO[Skin.String(rcb_text_menuitem_focus_dialog)]</textcolor>
					<align>right</align>
					<aligny>center</aligny>
					<label>$INFO[ListItem.Label]</label>
					<visible>[Control.HasFocus(5211) | Control.HasFocus(5212)]</visible>
				</control>
				<control type="label">
					<posx>240</posx>
					<posy>15</posy>
					<width>370</width>
					<height>20</height>
					<font>Small</font>
					<textcolor>$INFO[Skin.String(rcb_text_menuitem_nofocus_dialog)]</textcolor>
					<align>right</align>
					<aligny>center</aligny>
					<label>$INFO[ListItem.Label]</label>
					<visible>![Control.HasFocus(5211) | Control.HasFocus(5212)]</visible>
				</control>
			</focusedlayout>
		</control>
		<control type="button" id="5211">
			<description>Menu Item Next Button</description>
			<posx>870</posx><!--scroll_updown_posx_left-->
			<posy>80</posy><!--scroll_updown_posy-->
			<width>20</width><!--scroll_updown_width-->
			<height>10</height><!--scroll_updown_height-->
			<texturenofocus colordiffuse="$INFO[Skin.String(rcb_scroll_up_nofocus)]">rcb-scroll-down.png</texturenofocus>
			<texturefocus colordiffuse="$INFO[Skin.String(rcb_scroll_up_focus)]">rcb-scroll-down.png</texturefocus>
			<onclick>Control.Move(5210,-1)</onclick>
			<onleft>7000</onleft>
			<onright>5212</onright>
			<onup>5101</onup>
			<ondown>7010</ondown>
		</control>
		<control type="button" id="5212">
			<description>Menu Item Prev Button</description>
			<posx>890</posx><!--scroll_updown_posx_right-->
			<posy>80</posy><!--scroll_updown_posy-->
			<width>20</width><!--scroll_updown_width-->
			<height>10</height><!--scroll_updown_height-->
			<texturenofocus colordiffuse="$INFO[Skin.String(rcb_scroll_up_nofocus)]">rcb-scroll-up.png</texturenofocus>
			<texturefocus colordiffuse="$INFO[Skin.String(rcb_scroll_up_focus)]">rcb-scroll-up.png</texturefocus>
			<onclick>Control.Move(5210,1)</onclick>
			<onleft>5211</onleft>
			<onright>6000</onright>
			<onup>5101</onup>
			<ondown>7010</ondown>
		</control>
		
		<!-- Category buttons -->
		<control type="list" id="7000">
			<posx>15</posx>
			<posy>60</posy>
			<width>220</width>
			<height>400</height>
			<onleft>7010</onleft>
			<onright>7010</onright>
			<onup>7000</onup>
			<ondown>7000</ondown>
			<pagecontrol>-</pagecontrol>
			<scrolltime>300</scrolltime>
			<itemlayout height="70" width="150">
				<control type="image">
					<posx>0</posx>
					<posy>0</posy>
					<width>210</width>
					<height>50</height>
					<texture colordiffuse="$INFO[Skin.String(rcb_button_category_nofocus)]">rcb-button-nofocus.png</texture>
				</control>
				<control type="label">
					<posx>0</posx>
					<posy>10</posy>
					<width>200</width>
					<height>30</height>
					<font>Small</font>
					<textcolor>$INFO[Skin.String(rcb_text_button_nofocus_dialog)]</textcolor>
					<align>center</align>
					<aligny>center</aligny>
					<label>$INFO[ListItem.Label]</label>					
				</control>
			</itemlayout>
			<focusedlayout height="70" width="150">
				<control type="image">
					<posx>0</posx>
					<posy>0</posy>
					<width>210</width>
					<height>50</height>
					<texture colordiffuse="$INFO[Skin.String(rcb_button_category_focus)]">rcb-button-focus.png</texture>
					<animation effect="fade" start="100" end="30" time="100" condition="!Control.HasFocus(7000)">Conditional</animation>
				</control>
				<control type="label">
					<posx>0</posx>
					<posy>10</posy>
					<width>200</width>
					<height>30</height>
					<font>Small</font>
					<textcolor>$INFO[Skin.String(rcb_text_button_focus_dialog)]</textcolor>
					<align>center</align>
					<aligny>center</aligny>
					<label>$INFO[ListItem.Label]</label>					
				</control>
			</focusedlayout>
			<content>
				<item id="1">
					<label>$ADDON[script.games.rom.collection.browser 32602]</label>
					<onclick>-</onclick>
				</item>
				<item id="2">
					<label>$ADDON[script.games.rom.collection.browser 32603]</label>
					<onclick>-</onclick>
				</item>
				<item id="3">
					<label>$ADDON[script.games.rom.collection.browser 32639]</label>
					<onclick>-</onclick>
				</item>
				<item id="4">
					<label>$ADDON[script.games.rom.collection.browser 32604]</label>
					<onclick>-</onclick>
				</item>
				<item id="5">
					<label>$ADDON[script.games.rom.collection.browser 32605]</label>
					<onclick>-</onclick>
				</item>
			</content>
		</control>
		

		<control type="group" id="7010">
			
			<!-- Game Import -->
			<control type="group" id="7001">
				<visible>Container(7000).Hasfocus(1)</visible>
				<posx>240</posx>
				<posy>120</posy>
				<pagecontrol>60</pagecontrol>
				<!-- Rom Path -->
				<control type="image">
					<posx>0</posx>
					<posy>0</posy>
					<width>680</width>
					<height>40</height><!--dialog_menuitem_height-->
					<texture colordiffuse="$INFO[Skin.String(rcb_menuitem_focus_dialog)]">rcb-menuitem-focus-dialog.png</texture>
					<visible>Control.HasFocus(5240)</visible>
				</control>
				<control type="image">
					<posx>0</posx>
					<posy>0</posy>
					<width>680</width>
					<height>40</height><!--dialog_menuitem_height-->
					<texture border="5" colordiffuse="$INFO[Skin.String(rcb_menuitem_nofocus_dialog)]">rcb-menuitem-nofocus-dialog.png</texture>
					<visible>!Control.HasFocus(5240)</visible>
				</control>
				<control type="label">
					<posx>7</posx>
					<posy>0</posy>
					<width>200</width>
					<height>40</height>
					<font>Small</font>
					<textcolor>$INFO[Skin.String(rcb_text_menuitem_focus_dialog)]</textcolor>
					<align>left</align>
					<aligny>center</aligny>
					<label>$ADDON[script.games.rom.collection.browser 32606]</label>
					<visible>Control.HasFocus(5240)</visible>
				</control>
				<control type="label">
					<posx>7</posx>
					<posy>0</posy>
					<width>200</width>
					<height>40</height>
					<font>Small</font>
					<textcolor>$INFO[Skin.String(rcb_text_menuitem_nofocus_dialog)]</textcolor>
					<align>left</align>
					<aligny>center</aligny>
					<label>$ADDON[script.games.rom.collection.browser 32606]</label>
					<visible>!Control.HasFocus(5240)</visible>
				</control>
				<control type="button" id="5240"> 
					<description>Rom Path</description>
					<posx>240</posx>
					<posy>0</posy>
					<width>440</width>
					<height>40</height>
					<visible>true</visible>
					<font>Small</font>
					<texturefocus></texturefocus>
					<texturenofocus></texturenofocus>
					<label>$ADDON[script.games.rom.collection.browser 32606]</label>
					<textcolor>$INFO[Skin.String(rcb_text_menuitem_nofocus_dialog)]</textcolor>
					<focusedcolor>$INFO[Skin.String(rcb_text_menuitem_focus_dialog)]</focusedcolor>
					<disabledcolor>$INFO[Skin.String(rcb_text_button_disabled)]</disabledcolor>
					<textoffsetx>8</textoffsetx>
					<align>right</align>
					<aligny>center</aligny>
					<onup>5211</onup>
					<ondown>5250</ondown>
					<onleft>7000</onleft>
					<onright>6000</onright>
				</control>
				<!-- Rom file mask -->
				<control type="image">
					<posx>0</posx>
					<posy>40</posy>
					<width>680</width>
					<height>40</height><!--dialog_menuitem_height-->
					<texture colordiffuse="$INFO[Skin.String(rcb_menuitem_focus_dialog)]">rcb-menuitem-focus-dialog.png</texture>
					<visible>Control.HasFocus(5250)</visible>
				</control>
				<control type="image">
					<posx>0</posx>
					<posy>40</posy>
					<width>680</width>
					<height>40</height><!--dialog_menuitem_height-->
					<texture border="5" colordiffuse="$INFO[Skin.String(rcb_menuitem_nofocus_dialog)]">rcb-menuitem-nofocus-dialog.png</texture>
					<visible>!Control.HasFocus(5250)</visible>
				</control>
				<control type="label">
					<posx>7</posx>
					<posy>40</posy>
					<width>200</width>
					<height>40</height>
					<font>Small</font>
					<textcolor>$INFO[Skin.String(rcb_text_menuitem_focus_dialog)]</textcolor>
					<align>left</align>
					<aligny>center</aligny>
					<label>$ADDON[script.games.rom.collection.browser 32607]</label>
					<visible>Control.HasFocus(5250)</visible>
				</control>
				<control type="label">
					<posx>7</posx>
					<posy>40</posy>
					<width>200</width>
					<height>40</height>
					<font>Small</font>
					<textcolor>$INFO[Skin.String(rcb_text_menuitem_nofocus_dialog)]</textcolor>
					<align>left</align>
					<aligny>center</aligny>
					<label>$ADDON[script.games.rom.collection.browser 32607]</label>
					<visible>!Control.HasFocus(5250)</visible>
				</control>
				<control type="button" id="5250"> 
					<description>Rom file mask</description>
					<posx>240</posx>
					<posy>40</posy>
					<width>440</width>
					<height>40</height>
					<visible>true</visible>
					<font>Small</font>
					<colordiffuse>DDFFFFFF</colordiffuse>
					<texturefocus></texturefocus>
					<texturenofocus></texturenofocus>
					<label>$ADDON[script.games.rom.collection.browser 32607]</label>
					<textcolor>$INFO[Skin.String(rcb_text_menuitem_nofocus_dialog)]</textcolor>
					<focusedcolor>$INFO[Skin.String(rcb_text_menuitem_focus_dialog)]</focusedcolor>
					<disabledcolor>$INFO[Skin.String(rcb_text_button_disabled)]</disabledcolor>
					<textoffsetx>8</textoffsetx>
					<align>right</align>
					<aligny>center</aligny>
					<onup>5240</onup>
					<ondown>5330</ondown>
					<onleft>7000</onleft>
					<onright>6000</onright>
				</control>
				<!-- Ignore on scan -->
				<control type="radiobutton" id="5330">
					<posx>0</posx>
					<posy>80</posy>
					<width>680</width>
					<height>40</height><!--dialog_menuitem_height-->
					<align>left</align>
					<textoffsetx>8</textoffsetx>
					<radioposx>650</radioposx>
					<radiowidth>24</radiowidth>
					<radioheight>24</radioheight>					
					<font>Small</font>
					<label>$ADDON[script.games.rom.collection.browser 32608]</label>
					<textcolor>$INFO[Skin.String(rcb_text_menuitem_nofocus_dialog)]</textcolor>
					<focusedcolor>$INFO[Skin.String(rcb_text_menuitem_focus_dialog)]</focusedcolor>
					<texturefocus colordiffuse="$INFO[Skin.String(rcb_menuitem_focus_dialog)]">rcb-menuitem-focus-dialog.png</texturefocus>
					<texturenofocus border="5" colordiffuse="$INFO[Skin.String(rcb_menuitem_nofocus_dialog)]">rcb-menuitem-nofocus-dialog.png</texturenofocus>
					<textureradioonfocus colordiffuse="$INFO[Skin.String(rcb_radiobutton_on_focus_dialog)]">rcb-radio-button-on-focus.png</textureradioonfocus>
					<textureradioonnofocus colordiffuse="$INFO[Skin.String(rcb_radiobutton_on_nofocus_dialog)]">rcb-radio-button-on.png</textureradioonnofocus>
					<textureradioofffocus colordiffuse="$INFO[Skin.String(rcb_radiobutton_off_focus_dialog)]">rcb-radio-button-off-focus.png</textureradioofffocus>
					<textureradiooffnofocus colordiffuse="$INFO[Skin.String(rcb_radiobutton_off_nofocus_dialog)]">rcb-radio-button-off.png</textureradiooffnofocus>
					<onleft>7000</onleft>
					<onright>6000</onright>
					<onup>5250</onup>
					<ondown>5400</ondown>
				</control>
				<!-- Allow update -->
				<control type="radiobutton" id="5400">
					<posx>0</posx>
					<posy>120</posy>
					<width>680</width>
					<height>40</height><!--dialog_menuitem_height-->
					<align>left</align>
					<textoffsetx>8</textoffsetx>
					<radioposx>650</radioposx>
					<radiowidth>24</radiowidth>
					<radioheight>24</radioheight>
					<font>Small</font>
					<label>$ADDON[script.games.rom.collection.browser 32609]</label>
					<textcolor>$INFO[Skin.String(rcb_text_menuitem_nofocus_dialog)]</textcolor>
					<focusedcolor>$INFO[Skin.String(rcb_text_menuitem_focus_dialog)]</focusedcolor>
					<texturefocus colordiffuse="$INFO[Skin.String(rcb_menuitem_focus_dialog)]">rcb-menuitem-focus-dialog.png</texturefocus>
					<texturenofocus border="5" colordiffuse="$INFO[Skin.String(rcb_menuitem_nofocus_dialog)]">rcb-menuitem-nofocus-dialog.png</texturenofocus>
					<textureradioonfocus colordiffuse="$INFO[Skin.String(rcb_radiobutton_on_focus_dialog)]">rcb-radio-button-on-focus.png</textureradioonfocus>
					<textureradioonnofocus colordiffuse="$INFO[Skin.String(rcb_radiobutton_on_nofocus_dialog)]">rcb-radio-button-on.png</textureradioonnofocus>
					<textureradioofffocus colordiffuse="$INFO[Skin.String(rcb_radiobutton_off_focus_dialog)]">rcb-radio-button-off-focus.png</textureradioofffocus>
					<textureradiooffnofocus colordiffuse="$INFO[Skin.String(rcb_radiobutton_off_nofocus_dialog)]">rcb-radio-button-off.png</textureradiooffnofocus>
					<onleft>7000</onleft>
					<onright>6000</onright>
					<onup>5330</onup>
					<ondown>5410</ondown>
				</control>
				
				<!-- Max folder depth -->
				<control type="image">
					<posx>0</posx>
					<posy>160</posy>
					<width>680</width>
					<height>40</height><!--dialog_menuitem_height-->
					<texture colordiffuse="$INFO[Skin.String(rcb_menuitem_focus_dialog)]">rcb-menuitem-focus-dialog.png</texture>
					<visible>Control.HasFocus(5410)</visible>
				</control>
				<control type="image">
					<posx>0</posx>
					<posy>160</posy>
					<width>680</width>
					<height>40</height><!--dialog_menuitem_height-->
					<texture border="5" colordiffuse="$INFO[Skin.String(rcb_menuitem_nofocus_dialog)]">rcb-menuitem-nofocus-dialog.png</texture>
					<visible>!Control.HasFocus(5410)</visible>
				</control>
				<control type="label">
					<posx>7</posx>
					<posy>160</posy>
					<width>200</width>
					<height>40</height>
					<font>Small</font>
					<textcolor>$INFO[Skin.String(rcb_text_menuitem_focus_dialog)]</textcolor>
					<align>left</align>
					<aligny>center</aligny>
					<label>$ADDON[script.games.rom.collection.browser 32610]</label>
					<visible>Control.HasFocus(5410)</visible>
				</control>
				<control type="label">
					<posx>7</posx>
					<posy>160</posy>
					<width>200</width>
					<height>40</height>
					<font>Small</font>
					<textcolor>$INFO[Skin.String(rcb_text_menuitem_nofocus_dialog)]</textcolor>
					<align>left</align>
					<aligny>center</aligny>
					<label>$ADDON[script.games.rom.collection.browser 32610]</label>
					<visible>!Control.HasFocus(5410)</visible>
				</control>
				<control type="button" id="5410"> 
					<description>Max folder depth</description>
					<posx>240</posx>
					<posy>160</posy>
					<width>440</width>
					<height>40</height>
					<visible>true</visible>
					<font>Small</font>
					<colordiffuse>DDFFFFFF</colordiffuse>
					<texturefocus></texturefocus>
					<texturenofocus></texturenofocus>
					<textcolor>$INFO[Skin.String(rcb_text_menuitem_nofocus_dialog)]</textcolor>
					<focusedcolor>$INFO[Skin.String(rcb_text_menuitem_focus_dialog)]</focusedcolor>
					<disabledcolor>$INFO[Skin.String(rcb_text_button_disabled)]</disabledcolor>
					<textoffsetx>8</textoffsetx>
					<align>right</align>
					<aligny>center</aligny>
					<onup>5400</onup>
					<ondown>5420</ondown>
					<onleft>7000</onleft>
					<onright>6000</onright>
				</control>
				
				<!-- Disk indicator -->
				<control type="image">
					<posx>0</posx>
					<posy>200</posy>
					<width>680</width>
					<height>40</height><!--dialog_menuitem_height-->
					<texture colordiffuse="$INFO[Skin.String(rcb_menuitem_focus_dialog)]">rcb-menuitem-focus-dialog.png</texture>
					<visible>Control.HasFocus(5420)</visible>
				</control>
				<control type="image">
					<posx>0</posx>
					<posy>200</posy>
					<width>680</width>
					<height>40</height><!--dialog_menuitem_height-->
					<texture border="5" colordiffuse="$INFO[Skin.String(rcb_menuitem_nofocus_dialog)]">rcb-menuitem-nofocus-dialog.png</texture>
					<visible>!Control.HasFocus(5420)</visible>
				</control>
				<control type="label">
					<posx>7</posx>
					<posy>200</posy>
					<width>200</width>
					<height>40</height>
					<font>Small</font>
					<textcolor>$INFO[Skin.String(rcb_text_menuitem_focus_dialog)]</textcolor>
					<align>left</align>
					<aligny>center</aligny>
					<label>$ADDON[script.games.rom.collection.browser 32611]</label>
					<visible>Control.HasFocus(5420)</visible>
				</control>
				<control type="label">
					<posx>7</posx>
					<posy>200</posy>
					<width>200</width>
					<height>40</height>
					<font>Small</font>
					<textcolor>$INFO[Skin.String(rcb_text_menuitem_nofocus_dialog)]</textcolor>
					<align>left</align>
					<aligny>center</aligny>
					<label>$ADDON[script.games.rom.collection.browser 32611]</label>
					<visible>!Control.HasFocus(5420)</visible>
				</control>
				<control type="button" id="5420"> 
					<description>Disk indicator</description>
					<posx>240</posx>
					<posy>200</posy>
					<width>440</width>
					<height>40</height>
					<visible>true</visible>
					<font>Small</font>
					<colordiffuse>DDFFFFFF</colordiffuse>
					<texturefocus></texturefocus>
					<texturenofocus></texturenofocus>
					<textcolor>$INFO[Skin.String(rcb_text_menuitem_nofocus_dialog)]</textcolor>
					<focusedcolor>$INFO[Skin.String(rcb_text_menuitem_focus_dialog)]</focusedcolor>
					<disabledcolor>$INFO[Skin.String(rcb_text_button_disabled)]</disabledcolor>
					<textoffsetx>8</textoffsetx>
					<align>right</align>
					<aligny>center</aligny>
					<onup>5410</onup>
					<ondown>5430</ondown>
					<onleft>7000</onleft>
					<onright>6000</onright>
				</control>
				<control type="radiobutton" id="5430">
					<posx>0</posx>
					<posy>240</posy>
					<width>680</width>
					<height>40</height><!--dialog_menuitem_height-->
					<align>left</align>
					<textoffsetx>8</textoffsetx>
					<radioposx>650</radioposx>
					<radiowidth>24</radiowidth>
					<radioheight>24</radioheight>
					<font>Small</font>
					<label>$ADDON[script.games.rom.collection.browser 32612]</label>
					<textcolor>$INFO[Skin.String(rcb_text_menuitem_nofocus_dialog)]</textcolor>
					<focusedcolor>$INFO[Skin.String(rcb_text_menuitem_focus_dialog)]</focusedcolor>
					<texturefocus colordiffuse="$INFO[Skin.String(rcb_menuitem_focus_dialog)]">rcb-menuitem-focus-dialog.png</texturefocus>
					<texturenofocus border="5" colordiffuse="$INFO[Skin.String(rcb_menuitem_nofocus_dialog)]">rcb-menuitem-nofocus-dialog.png</texturenofocus>
					<textureradioonfocus colordiffuse="$INFO[Skin.String(rcb_radiobutton_on_focus_dialog)]">rcb-radio-button-on-focus.png</textureradioonfocus>
					<textureradioonnofocus colordiffuse="$INFO[Skin.String(rcb_radiobutton_on_nofocus_dialog)]">rcb-radio-button-on.png</textureradioonnofocus>
					<textureradioofffocus colordiffuse="$INFO[Skin.String(rcb_radiobutton_off_focus_dialog)]">rcb-radio-button-off-focus.png</textureradioofffocus>
					<textureradiooffnofocus colordiffuse="$INFO[Skin.String(rcb_radiobutton_off_nofocus_dialog)]">rcb-radio-button-off.png</textureradiooffnofocus>
					<onleft>7000</onleft>
					<onright>6000</onright>
					<onup>5420</onup>
					<ondown>6000</ondown>
				</control>
			</control>
			
			<!-- Import Game data -->
			<control type="group" id="7002">
				<visible>Container(7000).Hasfocus(2)</visible>
				<posx>240</posx>
				<posy>120</posy>

				<!-- Scrapers -->
				<!-- Scraper 1 -->				
				<control type="list" id="5290">
					<hitrect x="0" y="0" w="0" h="0" />
					<posx>0</posx>
					<posy>0</posy>
					<width>680</width>
					<height>40</height>
					<onleft>5280</onleft>
					<onright>5280</onright>
					<onup>5280</onup>
					<ondown>5280</ondown>
					<enable>false</enable>
					<pagecontrol>-</pagecontrol>
					<scrolltime>0</scrolltime>
					<itemlayout height="1" width="380"></itemlayout>						
					<focusedlayout height="40" width="680">
						<control type="image">
							<posx>0</posx>
							<posy>0</posy>
							<width>680</width>
							<height>40</height><!--dialog_menuitem_height-->
							<texture colordiffuse="$INFO[Skin.String(rcb_menuitem_focus_dialog)]">rcb-menuitem-focus-dialog.png</texture>
							<visible>[Control.HasFocus(5291) | Control.HasFocus(5292)]</visible>
						</control>
						<control type="image">
							<posx>0</posx>
							<posy>0</posy>
							<width>680</width>
							<height>40</height><!--dialog_menuitem_height-->
							<texture border="5" colordiffuse="$INFO[Skin.String(rcb_menuitem_nofocus_dialog)]">rcb-menuitem-nofocus-dialog.png</texture>
							<visible>![Control.HasFocus(5291) | Control.HasFocus(5292)]</visible>
						</control>
						<control type="label">
							<posx>7</posx>
							<posy>0</posy>
							<width>200</width>
							<height>40</height>
							<font>Small</font>
							<textcolor>$INFO[Skin.String(rcb_text_menuitem_focus_dialog)]</textcolor>
							<align>left</align>
							<aligny>center</aligny>
							<label>$ADDON[script.games.rom.collection.browser 32643]</label>
							<visible>[Control.HasFocus(5291) | Control.HasFocus(5292)]</visible>
						</control>						
						<control type="label">
							<posx>7</posx>
							<posy>0</posy>
							<width>200</width>
							<height>40</height>
							<font>Small</font>
							<textcolor>$INFO[Skin.String(rcb_text_menuitem_nofocus_dialog)]</textcolor>
							<align>left</align>
							<aligny>center</aligny>
							<label>$ADDON[script.games.rom.collection.browser 32643]</label>
							<visible>![Control.HasFocus(5291) | Control.HasFocus(5292)]</visible>
						</control>
						<control type="label">
							<posx>240</posx>
							<posy>0</posy>
							<width>370</width>
							<height>40</height>
							<font>Small</font>
							<textcolor>$INFO[Skin.String(rcb_text_menuitem_focus_dialog)]</textcolor>
							<align>right</align>
							<aligny>center</aligny>
							<label>$INFO[ListItem.Label]</label>
							<visible>[Control.HasFocus(5291) | Control.HasFocus(5292)]</visible>
						</control>
						<control type="label">
							<posx>240</posx>
							<posy>0</posy>
							<width>370</width>
							<height>40</height>
							<font>Small</font>
							<textcolor>$INFO[Skin.String(rcb_text_menuitem_nofocus_dialog)]</textcolor>
							<align>right</align>
							<aligny>center</aligny>
							<label>$INFO[ListItem.Label]</label>
							<visible>![Control.HasFocus(5291) | Control.HasFocus(5292)]</visible>
						</control>
					</focusedlayout>
				</control>
				<control type="button" id="5291">
					<description>Menu Item Next Button</description>
					<posx>630</posx><!--scroll_updown_posx_left-->
					<posy>15</posy><!--scroll_updown_posy-->
					<width>20</width><!--scroll_updown_width-->
					<height>10</height><!--scroll_updown_height-->
					<texturenofocus colordiffuse="$INFO[Skin.String(rcb_scroll_up_nofocus)]">rcb-scroll-down.png</texturenofocus>
					<texturefocus colordiffuse="$INFO[Skin.String(rcb_scroll_up_focus)]">rcb-scroll-down.png</texturefocus>
					<onclick>Control.Move(5290,-1)</onclick>
					<onleft>7000</onleft>
					<onright>5292</onright>
					<onup>5211</onup>
					<ondown>5570</ondown>
				</control>
				<control type="button" id="5292">
					<description>Menu Item Prev Button</description>
					<posx>650</posx><!--scroll_updown_posx_right-->
					<posy>15</posy><!--scroll_updown_posy-->
					<width>20</width><!--scroll_updown_width-->
					<height>10</height><!--scroll_updown_height-->
					<texturenofocus colordiffuse="$INFO[Skin.String(rcb_scroll_up_nofocus)]">rcb-scroll-up.png</texturenofocus>
					<texturefocus colordiffuse="$INFO[Skin.String(rcb_scroll_up_focus)]">rcb-scroll-up.png</texturefocus>
					<onclick>Control.Move(5290,1)</onclick>
					<onleft>5291</onleft>
					<onright>6000</onright>
					<onup>5212</onup>
					<ondown>5570</ondown>
				</control>
				
				<!-- Offline Scraper -->
				<control type="label">
					<posx>7</posx>
					<posy>60</posy>
					<width>370</width>
					<height>40</height>
					<font>Small</font>
					<textcolor>$INFO[Skin.String(rcb_text_menuitem_nofocus_dialog)]</textcolor>
					<align>left</align>
					<aligny>center</aligny>
					<label>$ADDON[script.games.rom.collection.browser 32640]</label>
				</control>
				
				<control type="list" id="5570">
					<posx>0</posx>
					<posy>100</posy>
					<width>680</width>
					<height>400</height>
					<onleft>7000</onleft>
					<onright>6000</onright>
					<onup>5292</onup>
					<ondown>7000</ondown>
					<pagecontrol>-</pagecontrol>
					<scrolltime>300</scrolltime>
					<itemlayout height="1" width="680">
					</itemlayout>
					<focusedlayout height="40" width="680">
						<control type="image">
							<posx>0</posx>
							<posy>0</posy>
							<width>680</width>
							<height>40</height><!--dialog_menuitem_height-->
							<texture colordiffuse="$INFO[Skin.String(rcb_menuitem_focus_dialog)]">rcb-menuitem-focus-dialog.png</texture>
							<visible>[Control.HasFocus(5570)]</visible>
						</control>
						<control type="image">
							<posx>0</posx>
							<posy>0</posy>
							<width>680</width>
							<height>40</height><!--dialog_menuitem_height-->
							<texture border="5" colordiffuse="$INFO[Skin.String(rcb_menuitem_nofocus_dialog)]">rcb-menuitem-nofocus-dialog.png</texture>
							<visible>![Control.HasFocus(5570)]</visible>
						</control>
						<control type="label">
							<posx>7</posx>
							<posy>5</posy>
							<width>200</width>
							<height>30</height>
							<font>Small</font>
							<textcolor>$INFO[Skin.String(rcb_text_menuitem_focus_dialog)]</textcolor>
							<align>left</align>
							<aligny>center</aligny>
							<label>$INFO[ListItem.Label]</label>
							<visible>[Control.HasFocus(5570)]</visible>
						</control>
						<control type="label">
							<posx>7</posx>
							<posy>5</posy>
							<width>200</width>
							<height>30</height>
							<font>Small</font>
							<textcolor>$INFO[Skin.String(rcb_text_menuitem_nofocus_dialog)]</textcolor>
							<align>left</align>
							<aligny>center</aligny>
							<label>$INFO[ListItem.Label]</label>
							<visible>![Control.HasFocus(5570)]</visible>
						</control>
						<control type="label">
							<posx>200</posx>
							<posy>5</posy>
							<width>470</width>
							<height>30</height>
							<font>Small</font>
							<textcolor>$INFO[Skin.String(rcb_text_menuitem_focus_dialog)]</textcolor>
							<align>right</align>
							<aligny>center</aligny>
							<label>$INFO[ListItem.Label2]</label>
							<visible>[Control.HasFocus(5570)]</visible>
						</control>
						<control type="label">
							<posx>200</posx>
							<posy>5</posy>
							<width>470</width>
							<height>30</height>
							<font>Small</font>
							<textcolor>$INFO[Skin.String(rcb_text_menuitem_nofocus_dialog)]</textcolor>
							<align>right</align>
							<aligny>center</aligny>
							<label>$INFO[ListItem.Label2]</label>
							<visible>![Control.HasFocus(5570)]</visible>
						</control>
					</focusedlayout>
				</control>
			</control>

			<!-- Artwork -->
			<control type="group" id="7004">
				<visible>Container(7000).Hasfocus(3)</visible>
				<posx>240</posx>
				<posy>120</posy>
				
				<!-- Media Path -->
				<control type="group">
					<posx>0</posx>
					<posy>0</posy>
					<control type="list" id="5260">
						<hitrect x="0" y="0" w="0" h="0" />
						<posx>0</posx>
						<posy>0</posy>
						<width>680</width>
						<height>40</height>
						<onleft>7000</onleft>
						<onright>5210</onright>
						<onup>5210</onup>
						<ondown>5210</ondown>
						<pagecontrol>-</pagecontrol>
						<scrolltime>0</scrolltime>
						<enable>false</enable>
						<itemlayout height="1" width="750">
						</itemlayout>
						<focusedlayout height="40" width="680">
							<control type="image">
								<posx>0</posx>
								<posy>0</posy>
								<width>680</width>
								<height>40</height><!--dialog_menuitem_height-->
								<texture colordiffuse="$INFO[Skin.String(rcb_menuitem_focus_dialog)]">rcb-menuitem-focus-dialog.png</texture>
								<visible>[Control.HasFocus(5261) | Control.HasFocus(5262)]</visible>
							</control>
							<control type="image">
								<posx>0</posx>
								<posy>0</posy>
								<width>680</width>
								<height>40</height><!--dialog_menuitem_height-->
								<texture border="5" colordiffuse="$INFO[Skin.String(rcb_menuitem_nofocus_dialog)]">rcb-menuitem-nofocus-dialog.png</texture>
								<visible>![Control.HasFocus(5261) | Control.HasFocus(5262)]</visible>
							</control>
							<control type="label">
								<posx>7</posx>
								<posy>0</posy>
								<width>200</width>
								<height>40</height>
								<font>Small</font>
								<textcolor>$INFO[Skin.String(rcb_text_menuitem_focus_dialog)]</textcolor>
								<align>left</align>
								<aligny>center</aligny>
								<label>$ADDON[script.games.rom.collection.browser 32616]</label>
								<visible>[Control.HasFocus(5261) | Control.HasFocus(5262)]</visible>
							</control>
							<control type="label">
								<posx>7</posx>
								<posy>0</posy>
								<width>200</width>
								<height>40</height>
								<font>Small</font>
								<textcolor>$INFO[Skin.String(rcb_text_menuitem_nofocus_dialog)]</textcolor>
								<align>left</align>
								<aligny>center</aligny>
								<label>$ADDON[script.games.rom.collection.browser 32616]</label>
								<visible>![Control.HasFocus(5261) | Control.HasFocus(5262)]</visible>
							</control>
							<control type="label">
								<posx>240</posx>
								<posy>0</posy>
								<width>370</width>
								<height>40</height>
								<font>Small</font>
								<textcolor>$INFO[Skin.String(rcb_text_menuitem_focus_dialog)]</textcolor>
								<align>right</align>
								<aligny>center</aligny>
								<label>$INFO[ListItem.Label]</label>
								<visible>[Control.HasFocus(5261) | Control.HasFocus(5262)]</visible>
							</control>
							<control type="label">
								<posx>240</posx>
								<posy>0</posy>
								<width>370</width>
								<height>40</height>
								<font>Small</font>
								<textcolor>$INFO[Skin.String(rcb_text_menuitem_nofocus_dialog)]</textcolor>
								<align>right</align>
								<aligny>center</aligny>
								<label>$INFO[ListItem.Label]</label>
								<visible>![Control.HasFocus(5261) | Control.HasFocus(5262)]</visible>
							</control>
						</focusedlayout>
					</control>
					<control type="button" id="5261">
						<description>Menu Item Next Button</description>
						<posx>630</posx><!--scroll_updown_posx_left-->
						<posy>15</posy><!--scroll_updown_posy-->
						<width>20</width><!--scroll_updown_width-->
						<height>10</height><!--scroll_updown_height-->
						<texturenofocus colordiffuse="$INFO[Skin.String(rcb_scroll_up_nofocus)]">rcb-scroll-down.png</texturenofocus>
						<texturefocus colordiffuse="$INFO[Skin.String(rcb_scroll_up_focus)]">rcb-scroll-down.png</texturefocus>
						<onclick>Control.Move(5260,-1)</onclick>
						<onleft>7000</onleft>
						<onright>5262</onright>
						<onup>5291</onup>
						<ondown>5270</ondown>
					</control>
					<control type="button" id="5262">
						<description>Menu Item Prev Button</description>
						<posx>650</posx><!--scroll_updown_posx_right-->
						<posy>15</posy><!--scroll_updown_posy-->
						<width>20</width><!--scroll_updown_width-->
						<height>10</height><!--scroll_updown_height-->
						<texturenofocus colordiffuse="$INFO[Skin.String(rcb_scroll_up_nofocus)]">rcb-scroll-up.png</texturenofocus>
						<texturefocus colordiffuse="$INFO[Skin.String(rcb_scroll_up_focus)]">rcb-scroll-up.png</texturefocus>
						<onclick>Control.Move(5260,1)</onclick>
						<onleft>5261</onleft>
						<onright>6000</onright>
						<onup>5292</onup>
						<ondown>5270</ondown>
					</control>
					<!-- Media Path -->
					<control type="image">
						<posx>0</posx>
						<posy>40</posy>
						<width>680</width>
						<height>40</height><!--dialog_menuitem_height-->
						<texture colordiffuse="$INFO[Skin.String(rcb_menuitem_focus_dialog)]">rcb-menuitem-focus-dialog.png</texture>
						<visible>Control.HasFocus(5270)</visible>
					</control>
					<control type="image">
						<posx>0</posx>
						<posy>40</posy>
						<width>680</width>
						<height>40</height><!--dialog_menuitem_height-->
						<texture border="5" colordiffuse="$INFO[Skin.String(rcb_menuitem_nofocus_dialog)]">rcb-menuitem-nofocus-dialog.png</texture>
						<visible>!Control.HasFocus(5270)</visible>
					</control>
					<control type="label">
						<posx>25</posx>
						<posy>40</posy>
						<width>200</width>
						<height>40</height>
						<font>Small</font>
						<textcolor>$INFO[Skin.String(rcb_text_menuitem_focus_dialog)]</textcolor>
						<align>left</align>
						<aligny>center</aligny>
						<label>$ADDON[script.games.rom.collection.browser 32617]</label>
						<visible>Control.HasFocus(5270)</visible>
					</control>
					<control type="label">
						<posx>25</posx>
						<posy>40</posy>
						<width>200</width>
						<height>40</height>
						<font>Small</font>
						<textcolor>$INFO[Skin.String(rcb_text_menuitem_nofocus_dialog)]</textcolor>
						<align>left</align>
						<aligny>center</aligny>
						<label>$ADDON[script.games.rom.collection.browser 32617]</label>
						<visible>!Control.HasFocus(5270)</visible>
					</control>
					<control type="button" id="5270"> 
						<description>Media Path</description>
						<posx>240</posx>
						<posy>40</posy>
						<width>440</width>
						<height>40</height>
						<visible>true</visible>
						<font>Small</font>
						<colordiffuse>DDFFFFFF</colordiffuse>
						<texturefocus></texturefocus>
						<texturenofocus></texturenofocus>
						<label>$ADDON[script.games.rom.collection.browser 32617]</label>
						<textcolor>$INFO[Skin.String(rcb_text_menuitem_nofocus_dialog)]</textcolor>
						<focusedcolor>$INFO[Skin.String(rcb_text_menuitem_focus_dialog)]</focusedcolor>
						<disabledcolor>$INFO[Skin.String(rcb_text_button_disabled)]</disabledcolor>
						<textoffsetx>8</textoffsetx>
						<align>right</align>
						<aligny>center</aligny>
						<onup>5262</onup>
						<ondown>5280</ondown>
						<onleft>7000</onleft>
						<onright>6000</onright>
					</control>
					<!-- File Mask -->
					<control type="image">
						<posx>0</posx>
						<posy>80</posy>
						<width>680</width>
						<height>40</height><!--dialog_menuitem_height-->
						<texture colordiffuse="$INFO[Skin.String(rcb_menuitem_focus_dialog)]">rcb-menuitem-focus-dialog.png</texture>
						<visible>Control.HasFocus(5280)</visible>
					</control>
					<control type="image">
						<posx>0</posx>
						<posy>80</posy>
						<width>680</width>
						<height>40</height><!--dialog_menuitem_height-->
						<texture border="5" colordiffuse="$INFO[Skin.String(rcb_menuitem_nofocus_dialog)]">rcb-menuitem-nofocus-dialog.png</texture>
						<visible>!Control.HasFocus(5280)</visible>
					</control>
					<control type="label">
						<posx>25</posx>
						<posy>80</posy>
						<width>200</width>
						<height>40</height>
						<font>Small</font>
						<textcolor>$INFO[Skin.String(rcb_text_menuitem_focus_dialog)]</textcolor>
						<align>left</align>
						<aligny>center</aligny>
						<label>$ADDON[script.games.rom.collection.browser 32618]</label>
						<visible>Control.HasFocus(5280)</visible>
					</control>
					<control type="label">
						<posx>25</posx>
						<posy>80</posy>
						<width>200</width>
						<height>40</height>
						<font>Small</font>
						<textcolor>$INFO[Skin.String(rcb_text_menuitem_nofocus_dialog)]</textcolor>
						<align>left</align>
						<aligny>center</aligny>
						<label>$ADDON[script.games.rom.collection.browser 32618]</label>
						<visible>!Control.HasFocus(5280)</visible>
					</control>
					<control type="button" id="5280"> 
						<description>Media File Mask</description>
						<posx>240</posx>
						<posy>80</posy>
						<width>440</width>
						<height>40</height>
						<visible>true</visible>
						<font>Small</font>
						<texturefocus></texturefocus>
						<texturenofocus></texturenofocus>
						<label>$ADDON[script.games.rom.collection.browser 32618]</label>
						<textcolor>$INFO[Skin.String(rcb_text_menuitem_nofocus_dialog)]</textcolor>
						<focusedcolor>$INFO[Skin.String(rcb_text_menuitem_focus_dialog)]</focusedcolor>
						<disabledcolor>$INFO[Skin.String(rcb_text_button_disabled)]</disabledcolor>
						<textoffsetx>8</textoffsetx>
						<align>right</align>
						<aligny>center</aligny>
						<onup>5270</onup>
						<ondown>5490</ondown>
						<onleft>7000</onleft>
						<onright>6000</onright>
					</control>
					
					<control type="button" id="5490"> 
						<description>Remove Media path</description>
						<posx>0</posx>
						<posy>120</posy>
						<width>680</width>
						<height>40</height><!--dialog_menuitem_height-->
						<visible>true</visible>
						<font>Small</font>
						<texturefocus colordiffuse="$INFO[Skin.String(rcb_menuitem_focus_dialog)]">rcb-menuitem-focus-dialog.png</texturefocus>
						<texturenofocus border="5" colordiffuse="$INFO[Skin.String(rcb_menuitem_nofocus_dialog)]">rcb-menuitem-nofocus-dialog.png</texturenofocus>
						<label>$ADDON[script.games.rom.collection.browser 32619]</label>
						<textcolor>$INFO[Skin.String(rcb_text_menuitem_nofocus_dialog)]</textcolor>
						<focusedcolor>$INFO[Skin.String(rcb_text_menuitem_focus_dialog)]</focusedcolor>
						<disabledcolor>$INFO[Skin.String(rcb_text_button_disabled)]</disabledcolor>
						<textoffsetx>25</textoffsetx>
						<align>left</align>
						<aligny>center</aligny>
						<onup>5280</onup>
						<ondown>5500</ondown>
						<onleft>7000</onleft>
						<onright>6000</onright>
					</control>
					<control type="button" id="5500"> 
						<description>Add Media path</description>
						<posx>0</posx>
						<posy>160</posy>
						<width>680</width>
						<height>40</height><!--dialog_menuitem_height-->
						<visible>true</visible>
						<font>Small</font>
						<colordiffuse>DDFFFFFF</colordiffuse>
						<texturefocus colordiffuse="$INFO[Skin.String(rcb_menuitem_focus_dialog)]">rcb-menuitem-focus-dialog.png</texturefocus>
						<texturenofocus border="5" colordiffuse="$INFO[Skin.String(rcb_menuitem_nofocus_dialog)]">rcb-menuitem-nofocus-dialog.png</texturenofocus>
						<label>$ADDON[script.games.rom.collection.browser 32620]</label>
						<textcolor>$INFO[Skin.String(rcb_text_menuitem_nofocus_dialog)]</textcolor>
						<focusedcolor>$INFO[Skin.String(rcb_text_menuitem_focus_dialog)]</focusedcolor>
						<disabledcolor>$INFO[Skin.String(rcb_text_button_disabled)]</disabledcolor>
						<textoffsetx>25</textoffsetx>
						<align>left</align>
						<aligny>center</aligny>
						<onup>5490</onup>
						<ondown>6000</ondown>
						<onleft>7000</onleft>
						<onright>6000</onright>
					</control>
				</control>
			</control>
				
			<!-- Game Browsing -->
			<control type="group" id="7002">
				<visible>Container(7000).Hasfocus(4)</visible>
				<posx>240</posx>
				<posy>120</posy>
				
				<control type="list" id="5320">
					<hitrect x="0" y="0" w="0" h="0" />
					<enable>false</enable>
					<posx>0</posx>
					<posy>0</posy>
					<width>680</width>
					<height>40</height>
					<onleft>5320</onleft>
					<onright>5320</onright>
					<onup>5320</onup>
					<ondown>5320</ondown>
					<pagecontrol>-</pagecontrol>
					<scrolltime>0</scrolltime>
					<itemlayout height="1" width="750">
					</itemlayout>
					<focusedlayout height="40" width="680">
						<control type="image">
							<posx>0</posx>
							<posy>0</posy>
							<width>680</width>
							<height>40</height><!--dialog_menuitem_height-->
							<texture colordiffuse="$INFO[Skin.String(rcb_menuitem_focus_dialog)]">rcb-menuitem-focus-dialog.png</texture>
							<visible>[Control.HasFocus(5321) | Control.HasFocus(5322)]</visible>
						</control>
						<control type="image">
							<posx>0</posx>
							<posy>0</posy>
							<width>680</width>
							<height>40</height><!--dialog_menuitem_height-->
							<texture border="5" colordiffuse="$INFO[Skin.String(rcb_menuitem_nofocus_dialog)]">rcb-menuitem-nofocus-dialog.png</texture>
							<visible>![Control.HasFocus(5321) | Control.HasFocus(5322)]</visible>
						</control>
						<control type="label">
							<posx>7</posx>
							<posy>0</posy>
							<width>300</width>
							<height>40</height>
							<font>Small</font>
							<textcolor>$INFO[Skin.String(rcb_text_menuitem_focus_dialog)]</textcolor>
							<align>left</align>
							<aligny>center</aligny>
							<label>$ADDON[script.games.rom.collection.browser 32621]</label>
							<visible>[Control.HasFocus(5321) | Control.HasFocus(5322)]</visible>
						</control>
						<control type="label">
							<posx>7</posx>
							<posy>0</posy>
							<width>300</width>
							<height>40</height>
							<font>Small</font>
							<textcolor>$INFO[Skin.String(rcb_text_menuitem_nofocus_dialog)]</textcolor>
							<align>left</align>
							<aligny>center</aligny>
							<label>$ADDON[script.games.rom.collection.browser 32621]</label>
							<visible>![Control.HasFocus(5321) | Control.HasFocus(5322)]</visible>
						</control>
						<control type="label">
							<posx>240</posx>
							<posy>0</posy>
							<width>370</width>
							<height>40</height>
							<font>Small</font>
							<textcolor>$INFO[Skin.String(rcb_text_menuitem_focus_dialog)]</textcolor>
							<align>right</align>
							<aligny>center</aligny>
							<label>$INFO[ListItem.Label]</label>
							<visible>[Control.HasFocus(5321) | Control.HasFocus(5322)]</visible>
						</control>
						<control type="label">
							<posx>240</posx>
							<posy>0</posy>
							<width>370</width>
							<height>40</height>
							<font>Small</font>
							<textcolor>$INFO[Skin.String(rcb_text_menuitem_nofocus_dialog)]</textcolor>
							<align>right</align>
							<aligny>center</aligny>
							<label>$INFO[ListItem.Label]</label>
							<visible>![Control.HasFocus(5321) | Control.HasFocus(5322)]</visible>
						</control>
					</focusedlayout>
				</control>
				<control type="button" id="5321">
					<description>Menu Item Next Button</description>
					<posx>630</posx><!--scroll_updown_posx_left-->
					<posy>15</posy><!--scroll_updown_posy-->
					<width>20</width><!--scroll_updown_width-->
					<height>10</height><!--scroll_updown_height-->
					<texturenofocus colordiffuse="$INFO[Skin.String(rcb_scroll_up_nofocus)]">rcb-scroll-down.png</texturenofocus>
					<texturefocus colordiffuse="$INFO[Skin.String(rcb_scroll_up_focus)]">rcb-scroll-down.png</texturefocus>
					<onclick>Control.Move(5320,-1)</onclick>
					<onleft>7000</onleft>
					<onright>5322</onright>
					<onup>5211</onup>
					<ondown>5341</ondown>
				</control>
				<control type="button" id="5322">
					<description>Menu Item Prev Button</description>
					<posx>650</posx><!--scroll_updown_posx_right-->
					<posy>15</posy><!--scroll_updown_posy-->
					<width>20</width><!--scroll_updown_width-->
					<height>10</height><!--scroll_updown_height-->
					<texturenofocus colordiffuse="$INFO[Skin.String(rcb_scroll_up_nofocus)]">rcb-scroll-up.png</texturenofocus>
					<texturefocus colordiffuse="$INFO[Skin.String(rcb_scroll_up_focus)]">rcb-scroll-up.png</texturefocus>
					<onclick>Control.Move(5320,1)</onclick>
					<onleft>5321</onleft>
					<onright>6000</onright>
					<onup>5212</onup>
					<ondown>5342</ondown>
				</control>
				
				
				<control type="list" id="5340">
					<hitrect x="0" y="0" w="0" h="0" />
					<enable>false</enable>
					<posx>0</posx>
					<posy>40</posy>
					<width>680</width>
					<height>40</height>
					<onleft>5340</onleft>
					<onright>5340</onright>
					<onup>5340</onup>
					<ondown>5340</ondown>
					<pagecontrol>-</pagecontrol>
					<scrolltime>0</scrolltime>
					<itemlayout height="1" width="750">
					</itemlayout>
					<focusedlayout height="40" width="680">
						<control type="image">
							<posx>0</posx>
							<posy>0</posy>
							<width>680</width>
							<height>40</height><!--dialog_menuitem_height-->
							<texture colordiffuse="$INFO[Skin.String(rcb_menuitem_focus_dialog)]">rcb-menuitem-focus-dialog.png</texture>
							<visible>[Control.HasFocus(5341) | Control.HasFocus(5342)]</visible>
						</control>
						<control type="image">
							<posx>0</posx>
							<posy>0</posy>
							<width>680</width>
							<height>40</height><!--dialog_menuitem_height-->
							<texture border="5" colordiffuse="$INFO[Skin.String(rcb_menuitem_nofocus_dialog)]">rcb-menuitem-nofocus-dialog.png</texture>
							<visible>![Control.HasFocus(5341) | Control.HasFocus(5342)]</visible>
						</control>
						<control type="label">
							<posx>7</posx>
							<posy>0</posy>
							<width>300</width>
							<height>40</height>
							<font>Small</font>
							<textcolor>$INFO[Skin.String(rcb_text_menuitem_focus_dialog)]</textcolor>
							<align>left</align>
							<aligny>center</aligny>
							<label>$ADDON[script.games.rom.collection.browser 32622]</label>
							<visible>[Control.HasFocus(5341) | Control.HasFocus(5342)]</visible>
						</control>
						<control type="label">
							<posx>7</posx>
							<posy>0</posy>
							<width>300</width>
							<height>40</height>
							<font>Small</font>
							<textcolor>$INFO[Skin.String(rcb_text_menuitem_nofocus_dialog)]</textcolor>
							<align>left</align>
							<aligny>center</aligny>
							<label>$ADDON[script.games.rom.collection.browser 32622]</label>
							<visible>![Control.HasFocus(5341) | Control.HasFocus(5342)]</visible>
						</control>
						<control type="label">
							<posx>240</posx>
							<posy>0</posy>
							<width>370</width>
							<height>40</height>
							<font>Small</font>
							<textcolor>$INFO[Skin.String(rcb_text_menuitem_focus_dialog)]</textcolor>
							<align>right</align>
							<aligny>center</aligny>
							<label>$INFO[ListItem.Label]</label>
							<visible>[Control.HasFocus(5341) | Control.HasFocus(5342)]</visible>
						</control>
						<control type="label">
							<posx>240</posx>
							<posy>0</posy>
							<width>370</width>
							<height>40</height>
							<font>Small</font>
							<textcolor>$INFO[Skin.String(rcb_text_menuitem_nofocus_dialog)]</textcolor>
							<align>right</align>
							<aligny>center</aligny>
							<label>$INFO[ListItem.Label]</label>
							<visible>![Control.HasFocus(5341) | Control.HasFocus(5342)]</visible>
						</control>
					</focusedlayout>
				</control>
				<control type="button" id="5341">
					<description>Menu Item Next Button</description>
					<posx>630</posx><!--scroll_updown_posx_left-->
					<posy>55</posy><!--scroll_updown_posy-->
					<width>20</width><!--scroll_updown_width-->
					<height>10</height><!--scroll_updown_height-->
					<texturenofocus colordiffuse="$INFO[Skin.String(rcb_scroll_up_nofocus)]">rcb-scroll-down.png</texturenofocus>
					<texturefocus colordiffuse="$INFO[Skin.String(rcb_scroll_up_focus)]">rcb-scroll-down.png</texturefocus>
					<onclick>Control.Move(5340,-1)</onclick>
					<onleft>7000</onleft>
					<onright>5342</onright>
					<onup>5321</onup>
					<ondown>5350</ondown>
				</control>
				<control type="button" id="5342">
					<description>Menu Item Prev Button</description>
					<posx>650</posx><!--scroll_updown_posx_right-->
					<posy>55</posy><!--scroll_updown_posy-->
					<width>20</width><!--scroll_updown_width-->
					<height>10</height><!--scroll_updown_height-->
					<texturenofocus colordiffuse="$INFO[Skin.String(rcb_scroll_up_nofocus)]">rcb-scroll-up.png</texturenofocus>
					<texturefocus colordiffuse="$INFO[Skin.String(rcb_scroll_up_focus)]">rcb-scroll-up.png</texturefocus>
					<onclick>Control.Move(5340,1)</onclick>
					<onleft>5341</onleft>
					<onright>6000</onright>
					<onup>5322</onup>
					<ondown>5350</ondown>
				</control>
				<!-- Autoplay Main -->
				<control type="radiobutton" id="5350">
					<posx>0</posx>
					<posy>80</posy>
					<width>680</width>
					<height>40</height><!--dialog_menuitem_height-->
					<align>left</align>
					<textoffsetx>8</textoffsetx>
					<radioposx>650</radioposx>
					<radiowidth>24</radiowidth>
					<radioheight>24</radioheight>
					<font>Small</font>
					<label>$ADDON[script.games.rom.collection.browser 32623]</label>
					<textcolor>$INFO[Skin.String(rcb_text_menuitem_nofocus_dialog)]</textcolor>
					<focusedcolor>$INFO[Skin.String(rcb_text_menuitem_focus_dialog)]</focusedcolor>
					<texturefocus colordiffuse="$INFO[Skin.String(rcb_menuitem_focus_dialog)]">rcb-menuitem-focus-dialog.png</texturefocus>
					<texturenofocus border="5" colordiffuse="$INFO[Skin.String(rcb_menuitem_nofocus_dialog)]">rcb-menuitem-nofocus-dialog.png</texturenofocus>
					<textureradioonfocus colordiffuse="$INFO[Skin.String(rcb_radiobutton_on_focus_dialog)]">rcb-radio-button-on-focus.png</textureradioonfocus>
					<textureradioonnofocus colordiffuse="$INFO[Skin.String(rcb_radiobutton_on_nofocus_dialog)]">rcb-radio-button-on.png</textureradioonnofocus>
					<textureradioofffocus colordiffuse="$INFO[Skin.String(rcb_radiobutton_off_focus_dialog)]">rcb-radio-button-off-focus.png</textureradioofffocus>
					<textureradiooffnofocus colordiffuse="$INFO[Skin.String(rcb_radiobutton_off_nofocus_dialog)]">rcb-radio-button-off.png</textureradiooffnofocus>
					<onleft>7000</onleft>
					<onright>6000</onright>
					<onup>5342</onup>
					<ondown>5360</ondown>
				</control>
				<!-- Autoplay Info -->
				<control type="radiobutton" id="5360">
					<posx>0</posx>
					<posy>120</posy>
					<width>680</width>
					<height>40</height><!--dialog_menuitem_height-->
					<align>left</align>
					<textoffsetx>8</textoffsetx>
					<radioposx>650</radioposx>
					<radiowidth>24</radiowidth>
					<radioheight>24</radioheight>
					<font>Small</font>
					<label>$ADDON[script.games.rom.collection.browser 32636]</label>
					<textcolor>$INFO[Skin.String(rcb_text_menuitem_nofocus_dialog)]</textcolor>
					<focusedcolor>$INFO[Skin.String(rcb_text_menuitem_focus_dialog)]</focusedcolor>
					<texturefocus colordiffuse="$INFO[Skin.String(rcb_menuitem_focus_dialog)]">rcb-menuitem-focus-dialog.png</texturefocus>
					<texturenofocus border="5" colordiffuse="$INFO[Skin.String(rcb_menuitem_nofocus_dialog)]">rcb-menuitem-nofocus-dialog.png</texturenofocus>
					<textureradioonfocus colordiffuse="$INFO[Skin.String(rcb_radiobutton_on_focus_dialog)]">rcb-radio-button-on-focus.png</textureradioonfocus>
					<textureradioonnofocus colordiffuse="$INFO[Skin.String(rcb_radiobutton_on_nofocus_dialog)]">rcb-radio-button-on.png</textureradioonnofocus>
					<textureradioofffocus colordiffuse="$INFO[Skin.String(rcb_radiobutton_off_focus_dialog)]">rcb-radio-button-off-focus.png</textureradioofffocus>
					<textureradiooffnofocus colordiffuse="$INFO[Skin.String(rcb_radiobutton_off_nofocus_dialog)]">rcb-radio-button-off.png</textureradiooffnofocus>
					<onleft>7000</onleft>
					<onright>6000</onright>
					<onup>5350</onup>
					<ondown>6000</ondown>
				</control>
				
			</control>
			
			<!-- Game Launching -->
			<control type="group" id="7003">
				<visible>Container(7000).Hasfocus(5)</visible>
				<posx>240</posx>
				<posy>120</posy>
				
				<!-- Emulator Cmd -->
				<control type="image">
					<posx>0</posx>
					<posy>0</posy>
					<width>680</width>
					<height>40</height><!--dialog_menuitem_height-->
					<texture colordiffuse="$INFO[Skin.String(rcb_menuitem_focus_dialog)]">rcb-menuitem-focus-dialog.png</texture>
					<visible>Control.HasFocus(5220)</visible>
				</control>
				<control type="image">
					<posx>0</posx>
					<posy>0</posy>
					<width>680</width>
					<height>40</height><!--dialog_menuitem_height-->
					<texture border="5" colordiffuse="$INFO[Skin.String(rcb_menuitem_nofocus_dialog)]">rcb-menuitem-nofocus-dialog.png</texture>
					<visible>!Control.HasFocus(5220)</visible>
				</control>
				<control type="label">
					<posx>7</posx>
					<posy>0</posy>
					<width>200</width>
					<height>40</height>
					<font>Small</font>
					<textcolor>$INFO[Skin.String(rcb_text_menuitem_focus_dialog)]</textcolor>
					<align>left</align>
					<aligny>center</aligny>
					<label>$ADDON[script.games.rom.collection.browser 32624]</label>
					<animation reversible="false" effect="fade" end="20" time="0" condition="String.Contains(Control.GetLabel(5540),*) + Control.IsVisible(5540)">Conditional</animation>
					<visible>Control.HasFocus(5220)</visible>
				</control>
				<control type="label">
					<posx>7</posx>
					<posy>0</posy>
					<width>200</width>
					<height>40</height>
					<font>Small</font>
					<textcolor>$INFO[Skin.String(rcb_text_menuitem_nofocus_dialog)]</textcolor>
					<align>left</align>
					<aligny>center</aligny>
					<label>$ADDON[script.games.rom.collection.browser 32624]</label>
					<animation reversible="false" effect="fade" end="20" time="0" condition="String.Contains(Control.GetLabel(5540),*) + Control.IsVisible(5540)">Conditional</animation>
					<visible>!Control.HasFocus(5220)</visible>
				</control>
				<control type="button" id="5220"> 
					<description>EmuCmd</description>
					<posx>240</posx>
					<posy>0</posy>
					<width>440</width>
					<height>40</height>
					<visible>true</visible>
					<font>Small</font>
					<colordiffuse>DDFFFFFF</colordiffuse>
					<texturefocus></texturefocus>
					<texturenofocus></texturenofocus>
					<label>$INFO[ListItem.Label]</label>
					<textcolor>$INFO[Skin.String(rcb_text_menuitem_nofocus_dialog)]</textcolor>
					<focusedcolor>$INFO[Skin.String(rcb_text_menuitem_focus_dialog)]</focusedcolor>
					<disabledcolor>$INFO[Skin.String(rcb_text_button_disabled)]</disabledcolor>
					<textoffsetx>8</textoffsetx>
					<align>right</align>
					<aligny>center</aligny>
					<onup>5212</onup>
					<ondown>5230</ondown>
					<onleft>7000</onleft>
					<onright>6000</onright>
					<enable>!String.Contains(Control.GetLabel(5540),*) | !Control.IsVisible(5540)</enable>
					<animation reversible="false" effect="fade" end="20" time="0" condition="String.Contains(Control.GetLabel(5540),*) + Control.IsVisible(5540)">Conditional</animation>
				</control>
				
				<!-- Emulator Params -->
				<control type="image">
					<posx>0</posx>
					<posy>40</posy>
					<width>680</width>
					<height>40</height><!--dialog_menuitem_height-->
					<texture colordiffuse="$INFO[Skin.String(rcb_menuitem_focus_dialog)]">rcb-menuitem-focus-dialog.png</texture>
					<visible>Control.HasFocus(5230)</visible>
				</control>
				<control type="image">
					<posx>0</posx>
					<posy>40</posy>
					<width>680</width>
					<height>40</height><!--dialog_menuitem_height-->
					<texture border="5" colordiffuse="$INFO[Skin.String(rcb_menuitem_nofocus_dialog)]">rcb-menuitem-nofocus-dialog.png</texture>
					<visible>!Control.HasFocus(5230)</visible>
				</control>
				<control type="label">
					<posx>7</posx>
					<posy>40</posy>
					<width>200</width>
					<height>40</height>
					<font>Small</font>
					<textcolor>$INFO[Skin.String(rcb_text_menuitem_focus_dialog)]</textcolor>
					<align>left</align>
					<aligny>center</aligny>
					<label>$ADDON[script.games.rom.collection.browser 32625]</label>
					<animation reversible="false" effect="fade" end="20" time="0" condition="String.Contains(Control.GetLabel(5540),*) + Control.IsVisible(5540)">Conditional</animation>
					<visible>Control.HasFocus(5230)</visible>
				</control>
				<control type="label">
					<posx>7</posx>
					<posy>40</posy>
					<width>200</width>
					<height>40</height>
					<font>Small</font>
					<textcolor>$INFO[Skin.String(rcb_text_menuitem_nofocus_dialog)]</textcolor>
					<align>left</align>
					<aligny>center</aligny>
					<label>$ADDON[script.games.rom.collection.browser 32625]</label>
					<animation reversible="false" effect="fade" end="20" time="0" condition="String.Contains(Control.GetLabel(5540),*) + Control.IsVisible(5540)">Conditional</animation>
					<visible>!Control.HasFocus(5230)</visible>
				</control>
				<control type="button" id="5230"> 
					<description>EmuParams</description>
					<posx>240</posx>
					<posy>40</posy>
					<width>440</width>
					<height>40</height>
					<visible>true</visible>
					<font>Small</font>
					<colordiffuse>DDFFFFFF</colordiffuse>
					<texturefocus></texturefocus>
					<texturenofocus></texturenofocus>
					<textcolor>$INFO[Skin.String(rcb_text_menuitem_nofocus_dialog)]</textcolor>
					<focusedcolor>$INFO[Skin.String(rcb_text_menuitem_focus_dialog)]</focusedcolor>
					<disabledcolor>$INFO[Skin.String(rcb_text_button_disabled)]</disabledcolor>
					<textoffsetx>8</textoffsetx>
					<align>right</align>
					<aligny>center</aligny>
					<onup>5220</onup>
					<ondown>5440</ondown>
					<onleft>7000</onleft>
					<onright>6000</onright>
					<enable>!String.Contains(Control.GetLabel(5540),*) | !Control.IsVisible(5540)</enable>
					<animation reversible="false" effect="fade" end="20" time="0" condition="String.Contains(Control.GetLabel(5540),*) + Control.IsVisible(5540)">Conditional</animation>
				</control>
				
				<!-- Use emu solo -->
				<control type="radiobutton" id="5440">
					<posx>0</posx>
					<posy>80</posy>
					<width>680</width>
					<height>40</height><!--dialog_menuitem_height-->
					<align>left</align>
					<textoffsetx>8</textoffsetx>
					<radioposx>650</radioposx>
					<radiowidth>24</radiowidth>
					<radioheight>24</radioheight>
					<font>Small</font>
					<label>$ADDON[script.games.rom.collection.browser 32626]</label>
					<textcolor>$INFO[Skin.String(rcb_text_menuitem_nofocus_dialog)]</textcolor>
					<focusedcolor>$INFO[Skin.String(rcb_text_menuitem_focus_dialog)]</focusedcolor>
					<texturefocus colordiffuse="$INFO[Skin.String(rcb_menuitem_focus_dialog)]">rcb-menuitem-focus-dialog.png</texturefocus>
					<texturenofocus border="5" colordiffuse="$INFO[Skin.String(rcb_menuitem_nofocus_dialog)]">rcb-menuitem-nofocus-dialog.png</texturenofocus>
					<textureradioonfocus colordiffuse="$INFO[Skin.String(rcb_radiobutton_on_focus_dialog)]">rcb-radio-button-on-focus.png</textureradioonfocus>
					<textureradioonnofocus colordiffuse="$INFO[Skin.String(rcb_radiobutton_on_nofocus_dialog)]">rcb-radio-button-on.png</textureradioonnofocus>
					<textureradioofffocus colordiffuse="$INFO[Skin.String(rcb_radiobutton_off_focus_dialog)]">rcb-radio-button-off-focus.png</textureradioofffocus>
					<textureradiooffnofocus colordiffuse="$INFO[Skin.String(rcb_radiobutton_off_nofocus_dialog)]">rcb-radio-button-off.png</textureradiooffnofocus>
					<textureradioondisabled colordiffuse="$INFO[Skin.String(rcb_radiobutton_nofocus_dialog)]">rcb-radio-button-on.png</textureradioondisabled>
					<textureradiooffdisabled colordiffuse="$INFO[Skin.String(rcb_radiobutton_nofocus_dialog)]">rcb-radio-button-off.png</textureradiooffdisabled>
					<onleft>7000</onleft>
					<onright>6000</onright>
					<onup>5230</onup>
					<ondown>5530</ondown>
					<enable>!String.Contains(Control.GetLabel(5540),*) | !Control.IsVisible(5540)</enable>
					<animation reversible="false" effect="fade" end="50" time="0" condition="String.Contains(Control.GetLabel(5540),*) + Control.IsVisible(5540)">Conditional</animation>
				</control>
				
				<!-- Use Popen -->
				<control type="radiobutton" id="5530">
					<posx>0</posx>
					<posy>120</posy>
					<width>680</width>
					<height>40</height><!--dialog_menuitem_height-->
					<align>left</align>
					<textoffsetx>8</textoffsetx>
					<radioposx>650</radioposx>
					<radiowidth>24</radiowidth>
					<radioheight>24</radioheight>
					<font>Small</font>
					<label>$ADDON[script.games.rom.collection.browser 32627]</label>
					<textcolor>$INFO[Skin.String(rcb_text_menuitem_nofocus_dialog)]</textcolor>
					<focusedcolor>$INFO[Skin.String(rcb_text_menuitem_focus_dialog)]</focusedcolor>
					<texturefocus colordiffuse="$INFO[Skin.String(rcb_menuitem_focus_dialog)]">rcb-menuitem-focus-dialog.png</texturefocus>
					<texturenofocus border="5" colordiffuse="$INFO[Skin.String(rcb_menuitem_nofocus_dialog)]">rcb-menuitem-nofocus-dialog.png</texturenofocus>
					<textureradioonfocus colordiffuse="$INFO[Skin.String(rcb_radiobutton_on_focus_dialog)]">rcb-radio-button-on-focus.png</textureradioonfocus>
					<textureradioonnofocus colordiffuse="$INFO[Skin.String(rcb_radiobutton_on_nofocus_dialog)]">rcb-radio-button-on.png</textureradioonnofocus>
					<textureradioofffocus colordiffuse="$INFO[Skin.String(rcb_radiobutton_off_focus_dialog)]">rcb-radio-button-off-focus.png</textureradioofffocus>
					<textureradiooffnofocus colordiffuse="$INFO[Skin.String(rcb_radiobutton_off_nofocus_dialog)]">rcb-radio-button-off.png</textureradiooffnofocus>
					<textureradioondisabled colordiffuse="$INFO[Skin.String(rcb_radiobutton_nofocus_dialog)]">rcb-radio-button-on.png</textureradioondisabled>
					<textureradiooffdisabled colordiffuse="$INFO[Skin.String(rcb_radiobutton_nofocus_dialog)]">rcb-radio-button-off.png</textureradiooffdisabled>
					<onleft>7000</onleft>
					<onright>6000</onright>
					<onup>5440</onup>
					<ondown>5460</ondown>
					<enable>!String.Contains(Control.GetLabel(5540),*) | !Control.IsVisible(5540)</enable>
					<animation reversible="false" effect="fade" end="50" time="0" condition="String.Contains(Control.GetLabel(5540),*) + Control.IsVisible(5540)">Conditional</animation>
				</control>
				
				<!-- Savestate path -->
				<control type="image">
					<posx>0</posx>
					<posy>160</posy>
					<width>680</width>
					<height>40</height><!--dialog_menuitem_height-->
					<texture colordiffuse="$INFO[Skin.String(rcb_menuitem_focus_dialog)]">rcb-menuitem-focus-dialog.png</texture>
					<visible>Control.HasFocus(5460)</visible>
				</control>
				<control type="image">
					<posx>0</posx>
					<posy>160</posy>
					<width>680</width>
					<height>40</height><!--dialog_menuitem_height-->
					<texture border="5" colordiffuse="$INFO[Skin.String(rcb_menuitem_nofocus_dialog)]">rcb-menuitem-nofocus-dialog.png</texture>
					<visible>!Control.HasFocus(5460)</visible>
				</control>
				<control type="label">
					<posx>7</posx>
					<posy>160</posy>
					<width>200</width>
					<height>40</height>
					<font>Small</font>
					<textcolor>$INFO[Skin.String(rcb_text_menuitem_focus_dialog)]</textcolor>
					<align>left</align>
					<aligny>center</aligny>
					<label>$ADDON[script.games.rom.collection.browser 32629]</label>
					<animation reversible="false" effect="fade" end="20" time="0" condition="String.Contains(Control.GetLabel(5540),*) + Control.IsVisible(5540)">Conditional</animation>
					<visible>Control.HasFocus(5460)</visible>
				</control>
				<control type="label">
					<posx>7</posx>
					<posy>160</posy>
					<width>200</width>
					<height>40</height>
					<font>Small</font>
					<textcolor>$INFO[Skin.String(rcb_text_menuitem_nofocus_dialog)]</textcolor>
					<align>left</align>
					<aligny>center</aligny>
					<label>$ADDON[script.games.rom.collection.browser 32629]</label>
					<animation reversible="false" effect="fade" end="20" time="0" condition="String.Contains(Control.GetLabel(5540),*) + Control.IsVisible(5540)">Conditional</animation>
					<visible>!Control.HasFocus(5460)</visible>
				</control>
				<control type="button" id="5460"> 
					<description>Savestates</description>
					<posx>240</posx>
					<posy>160</posy>
					<width>440</width>
					<height>40</height>
					<visible>true</visible>
					<font>Small</font>
					<colordiffuse>DDFFFFFF</colordiffuse>
					<texturefocus></texturefocus>
					<texturenofocus></texturenofocus>
					<textcolor>$INFO[Skin.String(rcb_text_menuitem_nofocus_dialog)]</textcolor>
					<focusedcolor>$INFO[Skin.String(rcb_text_menuitem_focus_dialog)]</focusedcolor>
					<disabledcolor>$INFO[Skin.String(rcb_text_button_disabled)]</disabledcolor>
					<textoffsetx>8</textoffsetx>
					<align>right</align>
					<aligny>center</aligny>
					<onup>5530</onup>
					<ondown>5470</ondown>
					<onleft>7000</onleft>
					<onright>6000</onright>
					<enable>!String.Contains(Control.GetLabel(5540),*) | !Control.IsVisible(5540)</enable>
					<animation reversible="false" effect="fade" end="20" time="0" condition="String.Contains(Control.GetLabel(5540),*) + Control.IsVisible(5540)">Conditional</animation>
				</control>
				<!-- Savestate file mask -->
				<control type="image">
					<posx>0</posx>
					<posy>200</posy>
					<width>680</width>
					<height>40</height><!--dialog_menuitem_height-->
					<texture colordiffuse="$INFO[Skin.String(rcb_menuitem_focus_dialog)]">rcb-menuitem-focus-dialog.png</texture>
					<visible>Control.HasFocus(5470)</visible>
				</control>
				<control type="image">
					<posx>0</posx>
					<posy>200</posy>
					<width>680</width>
					<height>40</height><!--dialog_menuitem_height-->
					<texture border="5" colordiffuse="$INFO[Skin.String(rcb_menuitem_nofocus_dialog)]">rcb-menuitem-nofocus-dialog.png</texture>
					<visible>!Control.HasFocus(5470)</visible>
				</control>
				<control type="label">
					<posx>7</posx>
					<posy>200</posy>
					<width>200</width>
					<height>40</height>
					<font>Small</font>
					<textcolor>$INFO[Skin.String(rcb_text_menuitem_focus_dialog)]</textcolor>
					<align>left</align>
					<aligny>center</aligny>
					<label>$ADDON[script.games.rom.collection.browser 32630]</label>
					<animation reversible="false" effect="fade" end="20" time="0" condition="String.Contains(Control.GetLabel(5540),*) + Control.IsVisible(5540)">Conditional</animation>
					<visible>Control.HasFocus(5470)</visible>
				</control>
				<control type="label">
					<posx>7</posx>
					<posy>200</posy>
					<width>200</width>
					<height>40</height>
					<font>Small</font>
					<textcolor>$INFO[Skin.String(rcb_text_menuitem_nofocus_dialog)]</textcolor>
					<align>left</align>
					<aligny>center</aligny>
					<label>$ADDON[script.games.rom.collection.browser 32630]</label>
					<animation reversible="false" effect="fade" end="20" time="0" condition="String.Contains(Control.GetLabel(5540),*) + Control.IsVisible(5540)">Conditional</animation>
					<visible>!Control.HasFocus(5470)</visible>
				</control>
				<control type="button" id="5470"> 
					<description>Savestates</description>
					<posx>240</posx>
					<posy>200</posy>
					<width>440</width>
					<height>40</height>
					<visible>true</visible>
					<font>Small</font>
					<colordiffuse>DDFFFFFF</colordiffuse>
					<texturefocus></texturefocus>
					<texturenofocus></texturenofocus>
					<textcolor>$INFO[Skin.String(rcb_text_menuitem_nofocus_dialog)]</textcolor>
					<focusedcolor>$INFO[Skin.String(rcb_text_menuitem_focus_dialog)]</focusedcolor>
					<disabledcolor>$INFO[Skin.String(rcb_text_button_disabled)]</disabledcolor>
					<textoffsetx>8</textoffsetx>
					<align>right</align>
					<aligny>center</aligny>
					<onup>5460</onup>
					<ondown>5480</ondown>
					<onleft>7000</onleft>
					<onright>6000</onright>
					<enable>!String.Contains(Control.GetLabel(5540),*) | !Control.IsVisible(5540)</enable>
					<animation reversible="false" effect="fade" end="20" time="0" condition="String.Contains(Control.GetLabel(5540),*) + Control.IsVisible(5540)">Conditional</animation>
				</control>
				
				<!-- Savestate params -->
				<control type="image">
					<posx>0</posx>
					<posy>240</posy>
					<width>680</width>
					<height>40</height><!--dialog_menuitem_height-->
					<texture colordiffuse="$INFO[Skin.String(rcb_menuitem_focus_dialog)]">rcb-menuitem-focus-dialog.png</texture>
					<visible>Control.HasFocus(5480)</visible>
				</control>
				<control type="image">
					<posx>0</posx>
					<posy>240</posy>
					<width>680</width>
					<height>40</height><!--dialog_menuitem_height-->
					<texture border="5" colordiffuse="$INFO[Skin.String(rcb_menuitem_nofocus_dialog)]">rcb-menuitem-nofocus-dialog.png</texture>
					<visible>!Control.HasFocus(5480)</visible>
				</control>
				<control type="label">
					<posx>7</posx>
					<posy>240</posy>
					<width>200</width>
					<height>40</height>
					<font>Small</font>
					<textcolor>$INFO[Skin.String(rcb_text_menuitem_focus_dialog)]</textcolor>
					<align>left</align>
					<aligny>center</aligny>
					<label>$ADDON[script.games.rom.collection.browser 32631]</label>
					<animation reversible="false" effect="fade" end="20" time="0" condition="String.Contains(Control.GetLabel(5540),*) + Control.IsVisible(5540)">Conditional</animation>
					<visible>Control.HasFocus(5480)</visible>
				</control>
				<control type="label">
					<posx>7</posx>
					<posy>240</posy>
					<width>200</width>
					<height>40</height>
					<font>Small</font>
					<textcolor>$INFO[Skin.String(rcb_text_menuitem_nofocus_dialog)]</textcolor>
					<align>left</align>
					<aligny>center</aligny>
					<label>$ADDON[script.games.rom.collection.browser 32631]</label>
					<animation reversible="false" effect="fade" end="20" time="0" condition="String.Contains(Control.GetLabel(5540),*) + Control.IsVisible(5540)">Conditional</animation>
					<visible>!Control.HasFocus(5480)</visible>
				</control>
				<control type="button" id="5480"> 
					<description>Savestates</description>
					<posx>240</posx>
					<posy>240</posy>
					<width>440</width>
					<height>40</height>
					<visible>true</visible>
					<font>Small</font>
					<colordiffuse>DDFFFFFF</colordiffuse>
					<texturefocus></texturefocus>
					<texturenofocus></texturenofocus>
					<textcolor>$INFO[Skin.String(rcb_text_menuitem_nofocus_dialog)]</textcolor>
					<focusedcolor>$INFO[Skin.String(rcb_text_menuitem_focus_dialog)]</focusedcolor>
					<disabledcolor>$INFO[Skin.String(rcb_text_button_disabled)]</disabledcolor>
					<textoffsetx>8</textoffsetx>
					<align>right</align>
					<aligny>center</aligny>
					<onup>5470</onup>
					<ondown>5510</ondown>
					<onleft>7000</onleft>
					<onright>6000</onright>
					<enable>!String.Contains(Control.GetLabel(5540),*) | !Control.IsVisible(5540)</enable>
					<animation reversible="false" effect="fade" end="20" time="0" condition="String.Contains(Control.GetLabel(5540),*) + Control.IsVisible(5540)">Conditional</animation>
				</control>
				
				<!-- PreCmd -->
				<control type="image">
					<posx>0</posx>
					<posy>280</posy>
					<width>680</width>
					<height>40</height><!--dialog_menuitem_height-->
					<texture colordiffuse="$INFO[Skin.String(rcb_menuitem_focus_dialog)]">rcb-menuitem-focus-dialog.png</texture>
					<visible>Control.HasFocus(5510)</visible>
				</control>
				<control type="image">
					<posx>0</posx>
					<posy>280</posy>
					<width>680</width>
					<height>40</height><!--dialog_menuitem_height-->
					<texture border="5" colordiffuse="$INFO[Skin.String(rcb_menuitem_nofocus_dialog)]">rcb-menuitem-nofocus-dialog.png</texture>
					<visible>!Control.HasFocus(5510)</visible>
				</control>
				<control type="label">
					<posx>7</posx>
					<posy>280</posy>
					<width>200</width>
					<height>40</height>
					<font>Small</font>
					<textcolor>$INFO[Skin.String(rcb_text_menuitem_focus_dialog)]</textcolor>
					<align>left</align>
					<aligny>center</aligny>
					<label>$ADDON[script.games.rom.collection.browser 32632]</label>
					<animation reversible="false" effect="fade" end="20" time="0" condition="String.Contains(Control.GetLabel(5540),*) + Control.IsVisible(5540)">Conditional</animation>
					<visible>Control.HasFocus(5510)</visible>
				</control>
				<control type="label">
					<posx>7</posx>
					<posy>280</posy>
					<width>200</width>
					<height>40</height>
					<font>Small</font>
					<textcolor>$INFO[Skin.String(rcb_text_menuitem_nofocus_dialog)]</textcolor>
					<align>left</align>
					<aligny>center</aligny>
					<label>$ADDON[script.games.rom.collection.browser 32632]</label>
					<animation reversible="false" effect="fade" end="20" time="0" condition="String.Contains(Control.GetLabel(5540),*) + Control.IsVisible(5540)">Conditional</animation>
					<visible>!Control.HasFocus(5510)</visible>
				</control>
				<control type="button" id="5510"> 
					<description>Pre-Launch Command</description>
					<posx>240</posx>
					<posy>280</posy>
					<width>440</width>
					<height>40</height>
					<visible>true</visible>
					<font>Small</font>
					<colordiffuse>DDFFFFFF</colordiffuse>
					<texturefocus></texturefocus>
					<texturenofocus></texturenofocus>
					<textcolor>$INFO[Skin.String(rcb_text_menuitem_nofocus_dialog)]</textcolor>
					<focusedcolor>$INFO[Skin.String(rcb_text_menuitem_focus_dialog)]</focusedcolor>
					<disabledcolor>$INFO[Skin.String(rcb_text_button_disabled)]</disabledcolor>
					<textoffsetx>8</textoffsetx>
					<align>right</align>
					<aligny>center</aligny>
					<onup>5480</onup>
					<ondown>5520</ondown>
					<onleft>7000</onleft>
					<onright>6000</onright>
					<enable>!String.Contains(Control.GetLabel(5540),*) | !Control.IsVisible(5540)</enable>
					<animation reversible="false" effect="fade" end="20" time="0" condition="String.Contains(Control.GetLabel(5540),*) + Control.IsVisible(5540)">Conditional</animation>
				</control>
				<!-- PostCmd -->
				<control type="image">
					<posx>0</posx>
					<posy>320</posy>
					<width>680</width>
					<height>40</height><!--dialog_menuitem_height-->
					<texture colordiffuse="$INFO[Skin.String(rcb_menuitem_focus_dialog)]">rcb-menuitem-focus-dialog.png</texture>
					<visible>Control.HasFocus(5520)</visible>
				</control>
				<control type="image">
					<posx>0</posx>
					<posy>320</posy>
					<width>680</width>
					<height>40</height><!--dialog_menuitem_height-->
					<texture border="5" colordiffuse="$INFO[Skin.String(rcb_menuitem_nofocus_dialog)]">rcb-menuitem-nofocus-dialog.png</texture>
					<visible>!Control.HasFocus(5520)</visible>
				</control>
				<control type="label">
					<posx>7</posx>
					<posy>320</posy>
					<width>200</width>
					<height>40</height>
					<font>Small</font>
					<textcolor>$INFO[Skin.String(rcb_text_menuitem_focus_dialog)]</textcolor>
					<align>left</align>
					<aligny>center</aligny>
					<label>$ADDON[script.games.rom.collection.browser 32633]</label>
					<animation reversible="false" effect="fade" end="20" time="0" condition="String.Contains(Control.GetLabel(5540),*) + Control.IsVisible(5540)">Conditional</animation>
					<visible>Control.HasFocus(5520)</visible>
				</control>
				<control type="label">
					<posx>7</posx>
					<posy>320</posy>
					<width>200</width>
					<height>40</height>
					<font>Small</font>
					<textcolor>$INFO[Skin.String(rcb_text_menuitem_nofocus_dialog)]</textcolor>
					<align>left</align>
					<aligny>center</aligny>
					<label>$ADDON[script.games.rom.collection.browser 32633]</label>
					<animation reversible="false" effect="fade" end="20" time="0" condition="String.Contains(Control.GetLabel(5540),*) + Control.IsVisible(5540)">Conditional</animation>
					<visible>!Control.HasFocus(5520)</visible>
				</control>
				<control type="button" id="5520"> 
					<description>Post-Launch Command</description>
					<posx>240</posx>
					<posy>320</posy>
					<width>440</width>
					<height>40</height>
					<visible>true</visible>
					<font>Small</font>
					<colordiffuse>DDFFFFFF</colordiffuse>
					<texturefocus></texturefocus>
					<texturenofocus></texturenofocus>
					<textcolor>$INFO[Skin.String(rcb_text_menuitem_nofocus_dialog)]</textcolor>
					<focusedcolor>$INFO[Skin.String(rcb_text_menuitem_focus_dialog)]</focusedcolor>
					<disabledcolor>$INFO[Skin.String(rcb_text_button_disabled)]</disabledcolor>
					<textoffsetx>8</textoffsetx>
					<align>right</align>
					<aligny>center</aligny>
					<onup>5510</onup>
					<ondown>5450</ondown>
					<onleft>7000</onleft>
					<onright>6000</onright>
					<enable>!String.Contains(Control.GetLabel(5540),*) | !Control.IsVisible(5540)</enable>
					<animation reversible="false" effect="fade" end="20" time="0" condition="String.Contains(Control.GetLabel(5540),*) + Control.IsVisible(5540)">Conditional</animation>
				</control>
				
				<!-- Do not extract zip files -->
				<control type="radiobutton" id="5450">
					<posx>0</posx>
					<posy>360</posy>
					<width>680</width>
					<height>40</height><!--dialog_menuitem_height-->
					<align>left</align>
					<textoffsetx>8</textoffsetx>
					<radioposx>650</radioposx>
					<radiowidth>24</radiowidth>
					<radioheight>24</radioheight>
					<font>Small</font>
					<label>$ADDON[script.games.rom.collection.browser 32628]</label>
					<textcolor>$INFO[Skin.String(rcb_text_menuitem_nofocus_dialog)]</textcolor>
					<focusedcolor>$INFO[Skin.String(rcb_text_menuitem_focus_dialog)]</focusedcolor>
					<texturefocus colordiffuse="$INFO[Skin.String(rcb_menuitem_focus_dialog)]">rcb-menuitem-focus-dialog.png</texturefocus>
					<texturenofocus border="5" colordiffuse="$INFO[Skin.String(rcb_menuitem_nofocus_dialog)]">rcb-menuitem-nofocus-dialog.png</texturenofocus>
					<textureradioonfocus colordiffuse="$INFO[Skin.String(rcb_radiobutton_on_focus_dialog)]">rcb-radio-button-on-focus.png</textureradioonfocus>
					<textureradioonnofocus colordiffuse="$INFO[Skin.String(rcb_radiobutton_on_nofocus_dialog)]">rcb-radio-button-on.png</textureradioonnofocus>
					<textureradioofffocus colordiffuse="$INFO[Skin.String(rcb_radiobutton_off_focus_dialog)]">rcb-radio-button-off-focus.png</textureradioofffocus>
					<textureradiooffnofocus colordiffuse="$INFO[Skin.String(rcb_radiobutton_off_nofocus_dialog)]">rcb-radio-button-off.png</textureradiooffnofocus>
					<onleft>7000</onleft>
					<onright>6000</onright>
					<onup>5520</onup>
					<ondown>5560</ondown>
				</control>
				
				<!-- Make local copy -->
				<control type="radiobutton" id="5560">
					<posx>0</posx>
					<posy>400</posy>
					<width>680</width>
					<height>40</height><!--dialog_menuitem_height-->
					<align>left</align>
					<textoffsetx>8</textoffsetx>
					<radioposx>650</radioposx>
					<radiowidth>24</radiowidth>
					<radioheight>24</radioheight>
					<font>Small</font>
					<label>$ADDON[script.games.rom.collection.browser 32644]</label>
					<textcolor>$INFO[Skin.String(rcb_text_menuitem_nofocus_dialog)]</textcolor>
					<focusedcolor>$INFO[Skin.String(rcb_text_menuitem_focus_dialog)]</focusedcolor>
					<texturefocus colordiffuse="$INFO[Skin.String(rcb_menuitem_focus_dialog)]">rcb-menuitem-focus-dialog.png</texturefocus>
					<texturenofocus border="5" colordiffuse="$INFO[Skin.String(rcb_menuitem_nofocus_dialog)]">rcb-menuitem-nofocus-dialog.png</texturenofocus>
					<textureradioonfocus colordiffuse="$INFO[Skin.String(rcb_radiobutton_on_focus_dialog)]">rcb-radio-button-on-focus.png</textureradioonfocus>
					<textureradioonnofocus colordiffuse="$INFO[Skin.String(rcb_radiobutton_on_nofocus_dialog)]">rcb-radio-button-on.png</textureradioonnofocus>
					<textureradioofffocus colordiffuse="$INFO[Skin.String(rcb_radiobutton_off_focus_dialog)]">rcb-radio-button-off-focus.png</textureradioofffocus>
					<textureradiooffnofocus colordiffuse="$INFO[Skin.String(rcb_radiobutton_off_nofocus_dialog)]">rcb-radio-button-off.png</textureradiooffnofocus>
					<onleft>7000</onleft>
					<onright>6000</onright>
					<onup>5450</onup>
					<ondown>5540</ondown>
				</control>
				
				<!-- Use RetroPlayer -->
				<control type="radiobutton" id="5540">
					<posx>0</posx>
					<posy>440</posy>
					<width>680</width>
					<height>40</height><!--dialog_menuitem_height-->
					<align>left</align>
					<textoffsetx>8</textoffsetx>
					<radioposx>650</radioposx>
					<radiowidth>24</radiowidth>
					<radioheight>24</radioheight>
					<font>Small</font>
					<label>$ADDON[script.games.rom.collection.browser 32637]</label>
					<textcolor>$INFO[Skin.String(rcb_text_menuitem_nofocus_dialog)]</textcolor>
					<focusedcolor>$INFO[Skin.String(rcb_text_menuitem_focus_dialog)]</focusedcolor>
					<texturefocus colordiffuse="$INFO[Skin.String(rcb_menuitem_focus_dialog)]">rcb-menuitem-focus-dialog.png</texturefocus>
					<texturenofocus border="5" colordiffuse="$INFO[Skin.String(rcb_menuitem_nofocus_dialog)]">rcb-menuitem-nofocus-dialog.png</texturenofocus>
					<textureradioonfocus colordiffuse="$INFO[Skin.String(rcb_radiobutton_on_focus_dialog)]">rcb-radio-button-on-focus.png</textureradioonfocus>
					<textureradioonnofocus colordiffuse="$INFO[Skin.String(rcb_radiobutton_on_nofocus_dialog)]">rcb-radio-button-on.png</textureradioonnofocus>
					<textureradioofffocus colordiffuse="$INFO[Skin.String(rcb_radiobutton_off_focus_dialog)]">rcb-radio-button-off-focus.png</textureradioofffocus>
					<textureradiooffnofocus colordiffuse="$INFO[Skin.String(rcb_radiobutton_off_nofocus_dialog)]">rcb-radio-button-off.png</textureradiooffnofocus>
					<onleft>7000</onleft>
					<onright>6000</onright>
					<onup>5560</onup>
					<ondown>5550</ondown>
				</control>
				<!-- Game Client -->
				<control type="image">
					<posx>0</posx>
					<posy>480</posy>
					<width>680</width>
					<height>40</height><!--dialog_menuitem_height-->
					<texture colordiffuse="$INFO[Skin.String(rcb_menuitem_focus_dialog)]">rcb-menuitem-focus-dialog.png</texture>
					<visible>Control.HasFocus(5550) + Control.IsVisible(5550)</visible>
				</control>
				<control type="image">
					<posx>0</posx>
					<posy>480</posy>
					<width>680</width>
					<height>40</height><!--dialog_menuitem_height-->
					<texture border="5" colordiffuse="$INFO[Skin.String(rcb_menuitem_nofocus_dialog)]">rcb-menuitem-nofocus-dialog.png</texture>
					<visible>!Control.HasFocus(5550) + Control.IsVisible(5550)</visible>
				</control>
				<control type="label">
					<posx>7</posx>
					<posy>480</posy>
					<width>200</width>
					<height>40</height>
					<font>Small</font>
					<textcolor>$INFO[Skin.String(rcb_text_menuitem_focus_dialog)]</textcolor>
					<align>left</align>
					<aligny>center</aligny>
					<label>$ADDON[script.games.rom.collection.browser 32638]</label>
					<animation reversible="false" effect="fade" end="20" time="0" condition="!String.Contains(Control.GetLabel(5540),*)">Conditional</animation>
					<visible>Control.HasFocus(5550) + Control.IsVisible(5550)</visible>
				</control>
				<control type="label">
					<posx>7</posx>
					<posy>480</posy>
					<width>200</width>
					<height>40</height>
					<font>Small</font>
					<textcolor>$INFO[Skin.String(rcb_text_menuitem_nofocus_dialog)]</textcolor>
					<align>left</align>
					<aligny>center</aligny>
					<label>$ADDON[script.games.rom.collection.browser 32638]</label>
					<animation reversible="false" effect="fade" end="20" time="0" condition="!String.Contains(Control.GetLabel(5540),*)">Conditional</animation>
					<visible>!Control.HasFocus(5550) + Control.IsVisible(5550)</visible>
				</control>
				<control type="button" id="5550">
					<description>Game client</description>
					<posx>240</posx>
					<posy>480</posy>
					<width>440</width>
					<height>40</height>
					<visible>true</visible>
					<font>Small</font>
					<texturefocus></texturefocus>
					<texturenofocus></texturenofocus>
					<label>$INFO[ListItem.Label]</label>
					<textcolor>$INFO[Skin.String(rcb_text_menuitem_nofocus_dialog)]</textcolor>
					<focusedcolor>$INFO[Skin.String(rcb_text_menuitem_focus_dialog)]</focusedcolor>
					<disabledcolor>$INFO[Skin.String(rcb_text_button_disabled)]</disabledcolor>
					<textoffsetx>8</textoffsetx>
					<align>right</align>
					<aligny>center</aligny>
					<enable>String.Contains(Control.GetLabel(5540),*)</enable>					
					<onup>5540</onup>
					<ondown>6000</ondown>
					<onleft>7000</onleft>
					<onright>6000</onright>
				</control>
			</control>
			
		</control>
			
		<!-- Buttons -->
		<control type="button" id="6000"> 
			<description>Save</description>
			<posx>940</posx>
			<posy>60</posy>
			<width>200</width>
			<height>50</height>
			<visible>true</visible>
			<font>Small</font>
			<texturefocus colordiffuse="$INFO[Skin.String(rcb_button_focus_dialog)]">rcb-button-focus.png</texturefocus>
			<texturenofocus colordiffuse="$INFO[Skin.String(rcb_button_nofocus_dialog)]">rcb-button-nofocus.png</texturenofocus>
			<label>$ADDON[script.games.rom.collection.browser 32634]</label>
			<textcolor>$INFO[Skin.String(rcb_text_button_nofocus_dialog)]</textcolor>
			<focusedcolor>$INFO[Skin.String(rcb_text_button_focus_dialog)]</focusedcolor>
			<disabledcolor>$INFO[Skin.String(rcb_text_button_disabled)]</disabledcolor>
			<align>center</align>
			<aligny>center</aligny>
			<textoffsetx></textoffsetx>
			<textoffsety></textoffsety>
			<pulseonselect></pulseonselect>
			<onup>6010</onup>
			<ondown>6020</ondown>
			<onleft>7010</onleft>
			<onright>7000</onright>
		</control>
		<control type="button" id="6020"> 
			<description>Add</description>
			<posx>940</posx>
			<posy>130</posy>
			<width>200</width>
			<height>50</height>
			<visible>true</visible>
			<font>Small</font>
			<texturefocus colordiffuse="$INFO[Skin.String(rcb_button_focus_dialog)]">rcb-button-focus.png</texturefocus>
			<texturenofocus colordiffuse="$INFO[Skin.String(rcb_button_nofocus_dialog)]">rcb-button-nofocus.png</texturenofocus>
			<label>$ADDON[script.games.rom.collection.browser 32645]</label>
			<textcolor>$INFO[Skin.String(rcb_text_button_nofocus_dialog)]</textcolor>
			<focusedcolor>$INFO[Skin.String(rcb_text_button_focus_dialog)]</focusedcolor>
			<disabledcolor>$INFO[Skin.String(rcb_text_button_disabled)]</disabledcolor>
			<align>center</align>
			<aligny>center</aligny>
			<textoffsetx></textoffsetx>
			<textoffsety></textoffsety>
			<pulseonselect></pulseonselect>
			<onup>6000</onup>
			<ondown>6030</ondown>
			<onleft>7010</onleft>
			<onright>7000</onright>
		</control>
		<control type="button" id="6030"> 
			<description>Remove</description>
			<posx>940</posx>
			<posy>200</posy>
			<width>200</width>
			<height>50</height>
			<visible>true</visible>
			<font>Small</font>
			<texturefocus colordiffuse="$INFO[Skin.String(rcb_button_focus_dialog)]">rcb-button-focus.png</texturefocus>
			<texturenofocus colordiffuse="$INFO[Skin.String(rcb_button_nofocus_dialog)]">rcb-button-nofocus.png</texturenofocus>
			<label>$ADDON[script.games.rom.collection.browser 32646]</label>
			<textcolor>$INFO[Skin.String(rcb_text_button_nofocus_dialog)]</textcolor>
			<focusedcolor>$INFO[Skin.String(rcb_text_button_focus_dialog)]</focusedcolor>
			<disabledcolor>$INFO[Skin.String(rcb_text_button_disabled)]</disabledcolor>
			<align>center</align>
			<aligny>center</aligny>
			<textoffsetx></textoffsetx>
			<textoffsety></textoffsety>
			<pulseonselect></pulseonselect>
			<onup>6020</onup>
			<ondown>6010</ondown>
			<onleft>7010</onleft>
			<onright>7000</onright>
		</control>
		<control type="button" id="6010"> 
			<description>Cancel</description>
			<posx>940</posx>
			<posy>270</posy>
			<width>200</width>
			<height>50</height>
			<visible>true</visible>
			<font>Small</font>
			<texturefocus colordiffuse="$INFO[Skin.String(rcb_button_focus_dialog)]">rcb-button-focus.png</texturefocus>
			<texturenofocus colordiffuse="$INFO[Skin.String(rcb_button_nofocus_dialog)]">rcb-button-nofocus.png</texturenofocus>
			<label>$ADDON[script.games.rom.collection.browser 32635]</label>
			<textcolor>$INFO[Skin.String(rcb_text_button_nofocus_dialog)]</textcolor>
			<focusedcolor>$INFO[Skin.String(rcb_text_button_focus_dialog)]</focusedcolor>
			<disabledcolor>$INFO[Skin.String(rcb_text_button_disabled)]</disabledcolor>
			<align>center</align>
			<aligny>center</aligny>
			<textoffsetx></textoffsetx>
			<textoffsety></textoffsety>
			<pulseonselect></pulseonselect>
			<onup>6030</onup>
			<ondown>6000</ondown>
			<onleft>7010</onleft>
			<onright>7000</onright>
		</control>
	</controls>
</window>